Customer_ID,First_Name,Last_Name,Email,Gender,City,Join_Date,Age,Income,Account_Type
1,Phyllida,Gowing,pgowing0@theglobeandmail.com,Female,Cihurip Satu,1/8/2017,38,45399,Checking
2,Chrisy,Hulles,chulles1@phpbb.com,Male,Stylída,3/1/2021,67,148990,Both
3,Elvera,Swannack,eswannack2@cnn.com,Female,Mianhu,10/3/2021,47,59490,Both
4,Layton,O'Mailey,lomailey3@google.nl,Male,Krivaja,11/2/2019,39,133955,Savings
5,Filippa,Godson,fgodson4@mail.ru,Female,Kaiama,1/11/2024,28,119523,Both
6,Eula,Billes,ebilles5@posterous.com,Female,Huangsha,1/19/2018,72,77377,Savings
7,Kelci,Dineen,kdineen6@g.co,Female,Yanjiang,2/23/2022,26,137621,Checking
8,Gifford,Berick,gberick7@ezinearticles.com,Male,Huimin,10/11/2020,34,88170,Savings
9,Pietro,Petyt,ppetyt8@studiopress.com,Male,Xubu,11/26/2024,55,63846,Checking
10,Juliet,Gebby,jgebby9@hp.com,Agender,Sarongan,6/12/2017,26,122558,Savings
11,Jens,Renshaw,jrenshawa@gov.uk,Male,Carvalhais,3/30/2017,40,68425,Both
12,Liuka,Possek,lpossekb@exblog.jp,Female,San Javier,7/22/2015,27,135787,Checking
13,Dorothea,Kobiela,dkobielac@paginegialle.it,Female,Danyang,4/25/2023,44,125121,Savings
14,Dru,Batchelour,dbatchelourd@ted.com,Bigender,Kiihtelysvaara,4/23/2024,71,73012,Savings
15,Brittne,Fairbanks,bfairbankse@nytimes.com,Polygender,Qijia,2/28/2022,32,40750,Both
16,Artie,Aisthorpe,aaisthorpef@reuters.com,Male,Itsandzéni,8/5/2022,18,71722,Checking
17,Cris,Nornasell,cnornasellg@example.com,Male,Tadjoura,4/16/2020,75,52271,Checking
18,Ula,Traill,utraillh@parallels.com,Female,Hekou,4/5/2024,35,123582,Savings
19,Augustine,Harrowing,aharrowingi@tumblr.com,Female,Cuauhtemoc,8/28/2020,58,69527,Both
20,Scotti,Offill,soffillj@patch.com,Genderqueer,Rymättylä,7/27/2019,26,119943,Checking
21,Marylee,Guerrin,mguerrink@pen.io,Genderqueer,Batouri,12/4/2020,72,138394,Checking
22,Sasha,Keeri,skeeril@icq.com,Female,Rumoi,11/12/2015,38,64526,Savings
23,Chas,Lain,clainm@gov.uk,Male,Karanganyar,2/11/2019,21,118956,Both
24,Gilda,Frazer,gfrazern@phoca.cz,Female,Heemstede,10/11/2018,67,134939,Checking
25,Corilla,Petow,cpetowo@imdb.com,Female,Bantengan,3/24/2019,52,102152,Both
26,Auguste,Phillott,aphillottp@state.gov,Female,Kassel,5/11/2016,29,34788,Savings
27,Massimiliano,Szymanski,mszymanskiq@comsenz.com,Male,Golomunta,7/9/2024,55,146832,Checking
28,Wileen,Willman,wwillmanr@barnesandnoble.com,Female,Antas,2/2/2016,27,71770,Checking
29,Rivi,Gilardone,rgilardones@prlog.org,Female,Guanlu,12/4/2023,23,79472,Both
30,Alikee,Minall,aminallt@live.com,Female,Сарај,7/20/2019,67,70726,Checking
31,Candace,Oliver-Paull,coliverpaullu@ycombinator.com,Female,Lekas,9/28/2018,62,130975,Checking
32,Camey,Ockleshaw,cockleshawv@t.co,Bigender,Heshui,5/6/2022,65,48330,Both
33,Karita,Garmons,kgarmonsw@is.gd,Female,El Retiro,1/31/2022,72,91000,Checking
34,Shawna,Whisson,swhissonx@ibm.com,Female,Turku,9/5/2022,28,119028,Savings
35,Bradley,Lavers,blaversy@weebly.com,Male,Bus’k,10/11/2021,70,116298,Checking
36,Chryste,Texton,ctextonz@pagesperso-orange.fr,Female,Vincennes,6/1/2018,60,107750,Checking
37,Ronnica,Kellitt,rkellitt10@fotki.com,Female,Kislyakovskaya,2/8/2023,54,47410,Checking
38,Stacee,Martel,smartel11@trellian.com,Genderfluid,Aomori Shi,9/11/2021,60,145491,Checking
39,Chlo,Gotthard.sf,cgotthardsf12@webmd.com,Female,Svetlyy,5/27/2015,52,76576,Checking
40,Tucky,Worsom,tworsom13@t.co,Genderfluid,Birigui,3/20/2023,52,30019,Savings
41,Silas,Pointer,spointer14@godaddy.com,Male,Libacao,7/23/2024,30,124691,Both
42,Rycca,Nisuis,rnisuis15@sohu.com,Female,Belize City,4/18/2017,66,93999,Checking
43,Tirrell,Burnett,tburnett16@spiegel.de,Male,Sovetakan,3/6/2018,25,60175,Checking
44,Albrecht,Rofe,arofe17@people.com.cn,Male,Wanying,4/30/2021,34,104630,Savings
45,Gerrie,Mitskevich,gmitskevich18@usatoday.com,Female,Río Guayabal de Yateras,7/14/2018,34,46518,Checking
46,Joella,Jenks,jjenks19@ted.com,Female,Muquiyauyo,3/31/2017,19,147136,Checking
47,Grenville,Yaldren,gyaldren1a@gnu.org,Male,Atimonan,3/19/2022,62,87987,Both
48,Harlan,Antushev,hantushev1b@comsenz.com,Male,Namboongan,1/17/2024,75,66378,Checking
49,Bjorn,Szymanek,bszymanek1c@youku.com,Genderfluid,Najin,1/6/2021,53,100525,Savings
50,Lucy,Canacott,lcanacott1d@google.es,Female,Liloan,6/9/2015,69,58203,Checking
51,Kit,Wynrahame,kwynrahame1e@woothemes.com,Male,Lengshui,9/13/2019,32,70450,Both
52,Addi,Partener,apartener1f@ibm.com,Female,Tabwakea Village,3/2/2015,69,145372,Checking
53,Patrizio,Nesbeth,pnesbeth1g@g.co,Male,Chigorodó,8/24/2016,27,146173,Checking
54,Leland,Killgus,lkillgus1h@php.net,Female,Muonio,7/29/2022,70,145128,Checking
55,Jefferey,McLeish,jmcleish1i@salon.com,Male,Tulsīpur,10/31/2018,31,134085,Both
56,Weber,Daines,wdaines1j@umich.edu,Male,Znamenskoye,10/16/2018,47,72425,Both
57,Mathilda,Lenham,mlenham1k@washington.edu,Female,Saguing,1/18/2021,53,122809,Both
58,Juan,Bodham,jbodham1l@walmart.com,Male,Baracoa,10/18/2019,23,73592,Both
59,Deena,Elstone,delstone1m@mac.com,Female,Yongfeng,6/30/2016,50,100046,Checking
60,Lesley,Brumham,lbrumham1n@oakley.com,Male,Milíkov,2/16/2017,73,41506,Both
61,Gregoor,Malthouse,gmalthouse1o@linkedin.com,Male,Safonovo,2/25/2021,24,67112,Checking
62,Johanna,Mackison,jmackison1p@dyndns.org,Female,Końskowola,9/11/2015,74,75468,Checking
63,Hobard,Ceresa,hceresa1q@reference.com,Male,Provins,10/27/2017,35,54069,Both
64,Myrilla,Vida,mvida1r@redcross.org,Female,Putrajawa,11/16/2016,64,48146,Both
65,Zachery,Folder,zfolder1s@furl.net,Male,Xianyan,8/10/2024,26,114129,Savings
66,Barbara,Conti,bconti1t@kickstarter.com,Non-binary,Langkapcaang Hilir,6/2/2016,41,91299,Checking
67,Derrik,Spreckley,dspreckley1u@about.com,Male,Socorro,5/18/2024,54,80076,Checking
68,Alfreda,Sheffield,asheffield1v@wordpress.com,Female,Annecy,1/20/2017,38,148720,Savings
69,Ruprecht,Southerden,rsoutherden1w@cdc.gov,Male,Ternovka,2/24/2018,24,87843,Both
70,Catherin,Kermath,ckermath1x@g.co,Female,Bodø,7/22/2022,55,71946,Checking
71,Parke,Legonidec,plegonidec1y@google.com,Male,Xin’an,9/15/2020,34,91867,Savings
72,Harcourt,Kenforth,hkenforth1z@constantcontact.com,Polygender,Sumbersarikrajan,11/8/2023,66,113562,Checking
73,Gabriella,Morena,gmorena20@technorati.com,Female,Harstad,5/31/2018,68,144364,Both
74,Darb,Lister,dlister21@usa.gov,Female,Xufeng,8/23/2015,23,138673,Checking
75,Annadiana,Benda,abenda22@pbs.org,Female,Chor,7/27/2019,54,84837,Savings
76,Rock,Enoch,renoch23@springer.com,Male,Kallíthiron,6/6/2020,69,149892,Checking
77,Vanni,Spoole,vspoole24@hp.com,Female,Amphawa,9/26/2015,33,140413,Both
78,Mae,Morrant,mmorrant25@cafepress.com,Female,Arnage,6/8/2024,25,104174,Savings
79,Aldric,Gleeton,agleeton26@seesaa.net,Male,Fuyo,12/2/2020,31,76901,Savings
80,Dena,Barus,dbarus27@ehow.com,Female,Kijini,10/22/2022,50,89977,Checking
81,Donavon,Radford,dradford28@hp.com,Male,Penang,1/27/2016,69,39152,Both
82,Ferrel,Hunnable,fhunnable29@dropbox.com,Male,Isnos,1/29/2017,19,32119,Both
83,Kendre,Puncher,kpuncher2a@tinypic.com,Female,Sepahua,8/5/2022,62,123724,Checking
84,Odo,Haselup,ohaselup2b@liveinternet.ru,Male,Kasimov,10/31/2020,54,46788,Checking
85,Laurie,Scawn,lscawn2c@phpbb.com,Female,Hechuan,7/27/2020,56,126313,Savings
86,Naomi,Handley,nhandley2d@forbes.com,Female,Novi Bečej,10/10/2019,62,137581,Both
87,Janean,Giacomelli,jgiacomelli2e@ustream.tv,Female,Yorosso,12/5/2020,23,71409,Both
88,Annabal,Slucock,aslucock2f@exblog.jp,Female,Józefosław,5/3/2022,48,52203,Savings
89,Welch,Andreucci,wandreucci2g@dmoz.org,Male,Lingyuan,1/17/2015,63,102495,Savings
90,Cyndie,Tuma,ctuma2h@google.nl,Female,Salinungan Proper,6/18/2017,23,99752,Both
91,Emanuele,Hathorn,ehathorn2i@free.fr,Male,Grande Prairie,3/1/2021,52,54752,Savings
92,Arlana,Lakenton,alakenton2j@barnesandnoble.com,Female,Chating,7/23/2018,45,57940,Both
93,Aline,Barnaclough,abarnaclough2k@live.com,Female,Ibiporã,5/6/2024,48,66359,Both
94,Alvis,Keay,akeay2l@dagondesign.com,Male,Kutno,8/10/2015,66,47138,Checking
95,Warner,Crookall,wcrookall2m@nih.gov,Male,Ladushkin,12/16/2015,23,53517,Both
96,Walker,Lortz,wlortz2n@about.me,Male,Mangli,4/11/2015,25,53575,Both
97,Sayre,Marrow,smarrow2o@bbc.co.uk,Female,Moret-sur-Loing,12/9/2021,49,56819,Checking
98,Rivi,McNess,rmcness2p@youtu.be,Female,Thai Charoen,2/19/2022,59,39005,Both
99,Aguie,Philipson,aphilipson2q@fema.gov,Male,Neuquén,10/25/2023,65,87944,Checking
100,Dot,Footitt,dfootitt2r@parallels.com,Polygender,Umpak,9/25/2019,73,37063,Checking
101,Enrika,Gurton,egurton2s@reference.com,Female,Lianyun,10/16/2023,70,137961,Savings
102,Lyman,Giacovazzo,lgiacovazzo2t@nsw.gov.au,Male,Avignon,4/12/2018,65,70373,Both
103,Fernanda,Stigger,fstigger2u@symantec.com,Female,Bang Kho Laem,7/28/2023,57,42156,Checking
104,Meaghan,Matisse,mmatisse2v@unc.edu,Female,Oslo,8/8/2024,42,96201,Both
105,Carlynne,Berens,cberens2w@rambler.ru,Female,Koina,7/7/2017,49,78562,Both
106,Kelby,Burberow,kburberow2x@hhs.gov,Male,Gllogjan,11/3/2021,54,124573,Checking
107,Leena,Meiner,lmeiner2y@sbwire.com,Female,Las Cruces,2/21/2020,37,110122,Savings
108,Demetria,Samways,dsamways2z@homestead.com,Agender,Chixi,11/23/2017,60,105276,Savings
109,Doll,Bullion,dbullion30@imageshack.us,Agender,Jacksonville,5/3/2019,56,100606,Both
110,Conrad,Jacqueme,cjacqueme31@ow.ly,Male,Selajambe Satu,7/13/2015,48,84905,Savings
111,Tatiana,Swalwel,tswalwel32@businessweek.com,Female,Denver,6/6/2023,23,57049,Checking
112,Bobette,Gregoletti,bgregoletti33@mashable.com,Polygender,Pachīr wa Āgām,6/18/2020,39,30884,Checking
113,Gerard,Doleman,gdoleman34@sfgate.com,Male,Kargowa,4/5/2015,53,143483,Savings
114,Godwin,Corran,gcorran35@house.gov,Male,Tekikbanyuurip,9/16/2019,56,89925,Savings
115,Sandie,Vila,svila36@guardian.co.uk,Female,Muesanaik,12/26/2023,40,120544,Checking
116,Truman,Markson,tmarkson37@google.com.au,Polygender,Carnot,2/16/2016,64,122310,Both
117,Zared,Pylkynyton,zpylkynyton38@php.net,Male,Timba Lauk,6/8/2022,36,34169,Checking
118,Virgie,Moncreif,vmoncreif39@deliciousdays.com,Male,Helsingborg,6/13/2016,46,57231,Savings
119,Maitilde,Zecchini,mzecchini3a@canalblog.com,Female,Skwierzyna,7/30/2024,71,78603,Savings
120,Gracia,Sawley,gsawley3b@thetimes.co.uk,Female,Ostrowite,3/24/2023,22,74530,Checking
121,Reynolds,BURWIN,rburwin3c@g.co,Male,Covão da Carvalha,1/14/2022,27,118019,Checking
122,Bryn,Smieton,bsmieton3d@instagram.com,Male,Igbeti,2/13/2021,30,44726,Checking
123,Jereme,MacDermot,jmacdermot3e@smh.com.au,Male,Antigonish,1/10/2020,24,53197,Checking
124,Daphne,Marwick,dmarwick3f@tamu.edu,Female,Karsin,8/22/2020,23,40096,Both
125,Gwendolin,Yakushkin,gyakushkin3g@zdnet.com,Female,Fukura,3/21/2024,32,33548,Savings
126,Jacky,Wanklin,jwanklin3h@latimes.com,Female,Gongchenqiao,8/27/2022,64,101804,Savings
127,Jessamyn,Martschke,jmartschke3i@goo.ne.jp,Female,Fujinomiya,1/23/2015,53,30554,Both
128,Ettie,Swales,eswales3j@nydailynews.com,Female,Kępno,10/10/2024,72,80622,Savings
129,Taddeo,Longley,tlongley3k@biblegateway.com,Male,Kovrov,1/23/2020,21,65261,Checking
130,Gregor,Delnevo,gdelnevo3l@hibu.com,Male,Mubo,12/3/2015,36,143901,Savings
131,Fran,Elcombe,felcombe3m@gmpg.org,Male,Seke,8/14/2023,19,130778,Savings
132,Sallee,Friedenbach,sfriedenbach3n@blogspot.com,Female,Sobral,4/23/2016,21,32276,Checking
133,Madalyn,Huyton,mhuyton3o@statcounter.com,Female,Milówka,6/13/2015,24,84105,Savings
134,Bartolomeo,Usmar,busmar3p@fema.gov,Male,Ujmisht,8/10/2020,18,121170,Both
135,Minny,Rickeard,mrickeard3q@chronoengine.com,Female,Cahul,4/22/2020,48,83395,Checking
136,Rabbi,Beacom,rbeacom3r@samsung.com,Male,Tlumačov,1/28/2016,53,86206,Checking
137,Meier,Joselson,mjoselson3s@godaddy.com,Male,Anwen,8/17/2023,58,119107,Savings
138,Winonah,O' Reagan,woreagan3t@slate.com,Female,Néa Ankhíalos,8/4/2016,39,126402,Both
139,Clarence,Milton-White,cmiltonwhite3u@google.co.jp,Male,Bang Lamung,3/3/2015,71,147095,Savings
140,Nancee,Marriage,nmarriage3v@ft.com,Genderfluid,Potou,12/8/2022,54,59413,Savings
141,Early,Spraging,espraging3w@gizmodo.com,Male,Matanog,7/24/2017,56,52822,Both
142,Terrie,Udden,tudden3x@booking.com,Female,Haiyang,2/23/2023,53,75718,Both
143,Damian,Cozens,dcozens3y@earthlink.net,Male,Doloon,11/7/2017,71,78311,Savings
144,Hunter,Frandsen,hfrandsen3z@360.cn,Male,Touama,1/20/2015,46,44688,Savings
145,Teddy,Dauney,tdauney40@scientificamerican.com,Female,Nalsian Norte,10/11/2021,27,83665,Savings
146,Hunfredo,Kitt,hkitt41@issuu.com,Male,Beaverton,4/1/2015,49,114437,Checking
147,Andrea,Heakey,aheakey42@altervista.org,Male,Fucheng,9/7/2015,31,117606,Checking
148,Cullan,Nutbean,cnutbean43@ameblo.jp,Male,Opařany,3/12/2017,66,91376,Checking
149,Ethelind,Agass,eagass44@infoseek.co.jp,Bigender,Youngstown,7/5/2022,57,87205,Checking
150,Phylys,Capp,pcapp45@ftc.gov,Polygender,Quípama,10/22/2015,67,98518,Savings
151,Osmund,Passey,opassey46@51.la,Male,Tandil,11/19/2023,74,117457,Both
152,Nara,Brick,nbrick47@1688.com,Female,Pirajuí,7/29/2015,59,106089,Both
153,Bobbie,Sprowle,bsprowle48@upenn.edu,Male,Nowy Dwór Mazowiecki,9/13/2016,37,136552,Checking
154,Anabelle,McGlew,amcglew49@reverbnation.com,Female,Sabang,11/8/2018,53,94571,Both
155,Maridel,Estrella,mestrella4a@unc.edu,Female,Bulqizë,11/7/2015,57,34874,Checking
156,Wilbert,Neames,wneames4b@ycombinator.com,Male,Gongdao,4/1/2018,34,118935,Checking
157,Kean,Grabiec,kgrabiec4c@google.es,Male,Bāqim as Sūq,6/30/2016,19,102911,Savings
158,Katherine,Ramalhete,kramalhete4d@blogspot.com,Female,Kotlyarevskaya,5/31/2020,22,75945,Both
159,Edan,Carluccio,ecarluccio4e@networkadvertising.org,Male,Cosmópolis,1/9/2022,38,100657,Both
160,Andeee,Rhydderch,arhydderch4f@ucoz.ru,Female,Alameda,10/30/2019,22,37040,Checking
161,Nickola,Sparsholt,nsparsholt4g@shinystat.com,Male,Xiongji,5/21/2022,22,126450,Checking
162,Merlina,Jira,mjira4h@google.pl,Genderfluid,Sukasari,6/16/2018,29,81621,Checking
163,Dunn,Slidders,dslidders4i@flickr.com,Male,Santa Rosa de Viterbo,11/10/2024,74,132253,Both
164,Artie,Sterte,asterte4j@g.co,Male,Sambong,7/20/2016,29,78063,Both
165,Ware,Tranckle,wtranckle4k@omniture.com,Male,Greater Napanee,9/25/2015,66,46680,Savings
166,Caro,Graves,cgraves4l@ucsd.edu,Female,Lapuan,8/12/2021,45,36848,Savings
167,Genovera,Batch,gbatch4m@xing.com,Female,Pandanwangi,12/28/2016,64,98542,Savings
168,Arv,Rait,arait4n@vk.com,Male,Kuala Lumpur,5/6/2024,24,105415,Both
169,Darby,Yates,dyates4o@google.nl,Male,Huanipaca,9/9/2018,51,64641,Savings
170,Stephanie,Jelley,sjelley4p@imageshack.us,Genderfluid,Qiashui,7/20/2022,59,118984,Savings
171,Linnell,Falls,lfalls4q@1und1.de,Female,Pombal,4/28/2020,65,67710,Savings
172,Andie,Stammer,astammer4r@vinaora.com,Male,Yaodu,7/11/2023,70,68726,Checking
173,Amandy,Sholem,asholem4s@reference.com,Female,Río Grande,8/3/2017,47,61623,Savings
174,Alejoa,O'Cannavan,aocannavan4t@is.gd,Genderfluid,Casal Velho,3/15/2018,41,50865,Checking
175,Neville,Massingham,nmassingham4u@nps.gov,Male,Gandusari,10/27/2023,26,94725,Savings
176,Willis,Falkous,wfalkous4v@businessinsider.com,Male,Ransang,2/7/2019,19,58898,Both
177,Cletis,Chavez,cchavez4w@plala.or.jp,Male,Tianzhu,8/18/2016,48,148471,Savings
178,Stefanie,Lerego,slerego4x@mail.ru,Female,Chincha Baja,2/18/2020,64,129784,Both
179,Hastie,Ruxton,hruxton4y@smugmug.com,Male,Ban Nahin,9/4/2015,50,121558,Both
180,Ansley,Getch,agetch4z@freewebs.com,Female,Qianpai,9/3/2021,48,94399,Both
181,Hart,Edmed,hedmed50@skyrock.com,Male,Lotoshino,8/22/2017,33,72210,Savings
182,Tobie,Farish,tfarish51@amazon.com,Agender,Chengcun,9/1/2021,34,108467,Checking
183,Zahara,Timperley,ztimperley52@printfriendly.com,Genderfluid,Kil,4/17/2016,42,77711,Savings
184,Francesco,Marieton,fmarieton53@harvard.edu,Male,Daja,5/14/2017,57,31620,Checking
185,Bert,Clery,bclery54@time.com,Male,Shnogh,5/12/2018,58,96253,Savings
186,Van,Fenney,vfenney55@vk.com,Bigender,San José de Jáchal,11/7/2018,21,46129,Both
187,Paddie,Marvell,pmarvell56@ca.gov,Male,Oshnavīyeh,9/13/2020,73,98972,Checking
188,Kali,Wem,kwem57@google.co.uk,Female,Krasnokumskoye,1/11/2018,55,133741,Checking
189,Dicky,Beharrell,dbeharrell58@mtv.com,Male,Luodian,10/19/2015,55,123288,Savings
190,Lona,Giacomoni,lgiacomoni59@answers.com,Female,Būlaevo,5/14/2020,68,137234,Checking
191,Obadiah,Rubinfeld,orubinfeld5a@mapy.cz,Genderqueer,Prado,10/30/2018,61,73156,Both
192,Lois,Brisco,lbrisco5b@soundcloud.com,Female,Xiaochengzi,1/22/2024,24,70032,Savings
193,Reginald,Perin,rperin5c@yahoo.com,Male,Nova Praha,8/21/2018,24,74818,Savings
194,Tessy,Lithcow,tlithcow5d@1688.com,Genderfluid,Västerås,8/2/2016,32,120165,Both
195,Cathlene,Meiningen,cmeiningen5e@census.gov,Female,Lianran,3/16/2017,36,117112,Savings
196,Dell,Bramelt,dbramelt5f@vk.com,Female,Bovec,10/2/2021,39,125292,Both
197,Dominic,Eastcourt,deastcourt5g@sitemeter.com,Male,Salavan,10/9/2016,32,85199,Savings
198,Winthrop,Dolby,wdolby5h@naver.com,Male,Bombarral,5/1/2023,18,55016,Checking
199,Yorker,Clayhill,yclayhill5i@addthis.com,Polygender,Muroran,11/1/2022,42,112975,Checking
200,Ingamar,Guitton,iguitton5j@baidu.com,Male,Orël,5/23/2019,26,70876,Both
201,Sephira,Kemster,skemster5k@guardian.co.uk,Genderfluid,Moutnice,8/7/2024,54,129649,Both
202,Drake,Faltin,dfaltin5l@businessinsider.com,Male,Askim,3/17/2022,23,59728,Both
203,Celinda,Canet,ccanet5m@wiley.com,Female,Mingyue,11/10/2017,40,123684,Both
204,Isidor,Farquar,ifarquar5n@cloudflare.com,Male,Huangshan,4/25/2016,73,108223,Checking
205,Halli,Sjollema,hsjollema5o@google.cn,Female,Lere,7/12/2022,50,38207,Savings
206,Gay,Ruddiforth,gruddiforth5p@example.com,Female,Avignon,10/14/2015,33,40264,Savings
207,Walt,Stoneman,wstoneman5q@wufoo.com,Male,Burträsk,4/29/2015,35,67305,Both
208,Otis,Jacobson,ojacobson5r@goo.gl,Male,Trollhättan,1/30/2022,22,115190,Checking
209,Alayne,Bonifazio,abonifazio5s@instagram.com,Female,Dongxin,10/1/2016,69,33880,Checking
210,Mallorie,Ripley,mripley5t@guardian.co.uk,Female,Józefów,1/5/2022,25,87919,Checking
211,Bord,Tupie,btupie5u@ycombinator.com,Male,Zhougang,11/10/2021,75,76660,Checking
212,Courtnay,Resdale,cresdale5v@alibaba.com,Female,Hoçisht,6/6/2024,57,71963,Checking
213,Bil,Edwick,bedwick5w@mashable.com,Male,Pushkino,5/11/2023,34,77701,Both
214,Barbara,Siuda,bsiuda5x@simplemachines.org,Female,Mintang,11/26/2019,19,88945,Both
215,Ruby,Paladini,rpaladini5y@webs.com,Male,Yaguachi Nuevo,11/21/2023,34,81693,Both
216,Jody,Dablin,jdablin5z@wordpress.com,Male,Helsingborg,11/17/2016,42,85851,Checking
217,Slade,Polleye,spolleye60@4shared.com,Male,Kilifarevo,9/9/2023,51,75167,Both
218,Anastassia,Shearer,ashearer61@wufoo.com,Female,Jagupit,1/31/2022,19,117415,Savings
219,Ellyn,Gehricke,egehricke62@goo.gl,Polygender,Kendalngupuk,8/20/2017,53,33085,Both
220,Josephine,Vasilyevski,jvasilyevski63@cpanel.net,Female,Pingxiang,10/20/2023,23,44334,Checking
221,Waring,Boyes,wboyes64@pen.io,Male,Santa Rosa,8/14/2020,50,118380,Savings
222,Brien,Cluse,bcluse65@networkadvertising.org,Male,Venda,9/7/2023,21,32502,Savings
223,Aline,Corrington,acorrington66@1688.com,Female,Shishi,7/9/2016,62,146030,Savings
224,Carrie,Harbisher,charbisher67@topsy.com,Female,Tembladera,12/15/2017,21,109871,Savings
225,Chickie,Darrigoe,cdarrigoe68@parallels.com,Female,Saukkola,8/19/2024,68,112066,Savings
226,Sancho,Waterstone,swaterstone69@apple.com,Male,Dongxi,10/7/2016,74,141198,Savings
227,Sig,Oldmeadow,soldmeadow6a@miibeian.gov.cn,Male,Rawuk,2/19/2023,42,43998,Checking
228,Diane-marie,Swynfen,dswynfen6b@webs.com,Female,Yigo Village,7/7/2016,60,130640,Checking
229,Gertrude,Di Lucia,gdilucia6c@mapquest.com,Female,Guanabacoa,4/13/2023,19,47137,Both
230,Elka,Lafoy,elafoy6d@independent.co.uk,Female,Zhamao,12/23/2022,23,88653,Savings
231,Phylis,Habbershon,phabbershon6e@wisc.edu,Bigender,Monkstown,12/25/2021,60,138759,Savings
232,Faun,Dinneen,fdinneen6f@dedecms.com,Female,Zhongling,6/28/2015,30,92329,Savings
233,Sol,Kondratenko,skondratenko6g@aboutads.info,Male,Concordia,6/7/2024,47,43626,Checking
234,Judah,Curwen,jcurwen6h@live.com,Male,Tutayev,5/30/2016,31,30548,Savings
235,Lancelot,Turnell,lturnell6i@yelp.com,Male,Kaputian,8/21/2016,51,31788,Savings
236,Bryan,Hargey,bhargey6j@dmoz.org,Male,Fengyi,3/21/2015,51,45781,Savings
237,Sam,Serridge,sserridge6k@g.co,Male,Honolulu,1/23/2015,18,123436,Savings
238,Derron,Freshwater,dfreshwater6l@sina.com.cn,Male,Balong,8/31/2017,37,131639,Savings
239,Elsie,Alloisi,ealloisi6m@weather.com,Female,Itupiranga,2/27/2018,62,61197,Savings
240,Drusie,Queripel,dqueripel6n@netvibes.com,Genderqueer,Hidalgo,6/11/2018,36,69307,Checking
241,Kylynn,Fleming,kfleming6o@odnoklassniki.ru,Female,Nantes,1/11/2024,72,133022,Checking
242,Kirby,Dargie,kdargie6p@army.mil,Genderfluid,Bhopālwāla,6/8/2019,52,68251,Both
243,Thaddus,Pascho,tpascho6q@naver.com,Male,Adani,8/5/2021,43,96441,Checking
244,Dennie,Hymor,dhymor6r@businesswire.com,Male,Jagupit,1/22/2023,46,133882,Both
245,Shem,Danbury,sdanbury6s@ox.ac.uk,Genderfluid,Al Kiswah,6/12/2016,40,77576,Both
246,Juliette,Tutin,jtutin6t@twitpic.com,Female,Rozhdestveno,7/8/2017,37,149960,Both
247,Queenie,Joscelyn,qjoscelyn6u@wsj.com,Female,Merida,11/6/2016,33,100263,Savings
248,Angus,Bloss,abloss6v@bing.com,Male,Karatsu,12/7/2021,33,82535,Both
249,Donn,Walder,dwalder6w@skype.com,Male,Kalandagan,1/14/2017,54,90359,Checking
250,Lalo,Fay,lfay6x@disqus.com,Male,Torzhok,1/11/2020,29,58355,Both
251,Juline,Loffill,jloffill6y@rakuten.co.jp,Genderqueer,Kota Kinabalu,4/24/2016,66,149396,Savings
252,Moritz,Hardson,mhardson6z@imdb.com,Male,Simpang,9/14/2018,49,142835,Checking
253,Hermie,Boscher,hboscher70@si.edu,Male,Jianshe,10/29/2022,25,145120,Savings
254,Katherine,Aujean,kaujean71@smugmug.com,Female,Hushi,7/12/2015,24,133380,Savings
255,Ralina,Relph,rrelph72@shareasale.com,Female,Nangewer,7/6/2023,75,79883,Savings
256,Garvin,McLelland,gmclelland73@storify.com,Male,Zlatograd,5/13/2024,32,84046,Both
257,Fair,Lytell,flytell74@businessinsider.com,Male,Zhouxi,6/24/2023,33,106103,Both
258,Ray,Batrip,rbatrip75@ovh.net,Female,Nanxing,5/5/2020,66,131525,Both
259,Cissiee,Skeldon,cskeldon76@ted.com,Female,Drakhtik,4/1/2015,25,89930,Both
260,Desdemona,Tovey,dtovey77@w3.org,Genderqueer,Kayima,3/2/2018,72,99689,Both
261,Isaac,Bescoby,ibescoby78@deviantart.com,Male,Shchelkovo,9/28/2017,24,59712,Savings
262,Kip,Durand,kdurand79@netvibes.com,Female,Okocim,2/10/2017,18,41125,Both
263,Bettye,Mutter,bmutter7a@cornell.edu,Female,Stockholm,5/18/2022,27,67555,Checking
264,Jammal,Morten,jmorten7b@nydailynews.com,Male,Kronshtadt,11/22/2023,51,45070,Savings
265,Clay,Wanstall,cwanstall7c@uol.com.br,Male,Le Kremlin-Bicêtre,8/30/2016,58,129714,Both
266,Benny,Leggitt,bleggitt7d@baidu.com,Male,Minshan,3/6/2020,50,41155,Checking
267,Jabez,Hagergham,jhagergham7e@nps.gov,Male,Nantes,2/8/2021,58,139207,Savings
268,Maje,Elstone,melstone7f@ebay.co.uk,Male,Karadaglije,10/23/2016,34,37197,Savings
269,Alexis,Dilland,adilland7g@noaa.gov,Male,Sankui,12/14/2022,47,124123,Checking
270,Tandy,Kraft,tkraft7h@unicef.org,Female,Muke,3/13/2023,20,84795,Checking
271,Jillana,Hadleigh,jhadleigh7i@state.gov,Female,Jönköping,9/29/2019,56,76936,Savings
272,Carrie,Gerholz,cgerholz7j@dmoz.org,Non-binary,Lodan Wetan,9/27/2015,21,130686,Checking
273,Fremont,Sex,fsex7k@ebay.com,Agender,Barreiras,12/26/2024,66,37884,Checking
274,Thaddeus,Tryme,ttryme7l@storify.com,Male,Fukumitsu,9/1/2019,67,95900,Both
275,Rochella,Fanton,rfanton7m@printfriendly.com,Female,Izumi,3/29/2015,73,112408,Checking
276,Mahmud,Crombleholme,mcrombleholme7n@indiatimes.com,Male,Nicosia,9/27/2021,64,32579,Checking
277,Balduin,Aronovich,baronovich7o@ocn.ne.jp,Male,Huangpu,1/28/2021,29,100781,Checking
278,Haslett,Biddy,hbiddy7p@nasa.gov,Male,Oemollo,1/5/2018,31,107905,Both
279,Horatius,Aloway,haloway7q@phpbb.com,Male,Pasirpanjang,5/28/2024,30,84045,Savings
280,Lucho,Henbury,lhenbury7r@fastcompany.com,Male,Vincennes,4/2/2021,26,107807,Savings
281,Margaret,Abbotts,mabbotts7s@usnews.com,Female,Papeete,1/20/2020,22,42206,Checking
282,Karleen,Chalfain,kchalfain7t@comsenz.com,Female,Badar,1/22/2015,40,57779,Checking
283,Henryetta,Durrell,hdurrell7u@google.com.au,Female,Hāsilpur,4/7/2020,23,76586,Both
284,Emmott,Kobpa,ekobpa7v@nytimes.com,Polygender,Kukulu,8/8/2019,53,98617,Checking
285,Ricki,Pincked,rpincked7w@huffingtonpost.com,Agender,Sundsvall,9/4/2020,34,59407,Checking
286,Josiah,Jope,jjope7x@mapquest.com,Male,Tall Tamr,11/18/2020,73,149216,Savings
287,Carina,Greeves,cgreeves7y@fema.gov,Female,Kharkhorin,11/23/2017,68,148968,Both
288,Liza,Auger,lauger7z@lycos.com,Female,Martyush,5/23/2022,29,97447,Savings
289,Toiboid,Huetson,thuetson80@jugem.jp,Male,Dzhalilabad,10/26/2022,75,90822,Both
290,Abagael,Dmitrievski,admitrievski81@microsoft.com,Female,Zhongjiapu,4/8/2022,19,112208,Savings
291,Arabella,Astlet,aastlet82@slideshare.net,Female,Banes,12/5/2020,74,37820,Checking
292,Darb,Splevins,dsplevins83@google.es,Male,Cachadinha,4/25/2017,47,129424,Checking
293,Larisa,Dallender,ldallender84@usa.gov,Female,Ad Dīs ash Sharqīyah,10/24/2017,74,35967,Savings
294,Lissie,Treneman,ltreneman85@pinterest.com,Female,Zavet,11/2/2018,72,141740,Both
295,Violante,Janaszewski,vjanaszewski86@oakley.com,Female,Libenge,8/11/2018,66,113275,Savings
296,Seth,Kubicka,skubicka87@cdc.gov,Male,Tiztoutine,5/26/2020,45,43660,Savings
297,Zena,Stapylton,zstapylton88@wisc.edu,Female,Bihać,11/23/2015,37,94083,Both
298,Felita,Whipple,fwhipple89@feedburner.com,Female,Pyhäjoki,12/17/2020,63,105433,Checking
299,Ian,Cathel,icathel8a@cnn.com,Male,El Suyatal,7/26/2024,68,98895,Both
300,Josh,Shergill,jshergill8b@ted.com,Male,Guernica,8/31/2023,57,75135,Savings
301,Jaine,Quan,jquan8c@histats.com,Female,Xinbao,9/9/2015,19,118463,Savings
302,Daron,Ruddock,druddock8d@blogger.com,Male,Chengtou,11/9/2020,71,141820,Checking
303,Zilvia,Thorneloe,zthorneloe8e@odnoklassniki.ru,Female,Seupakat,7/13/2015,28,64199,Checking
304,Beverley,Sturney,bsturney8f@google.com.hk,Female,Dagestanskiye Ogni,9/28/2023,63,132484,Checking
305,Georgetta,Pollie,gpollie8g@flavors.me,Female,Cosmópolis,11/26/2015,60,30213,Both
306,Sarine,Ecles,secles8h@joomla.org,Polygender,Kakamega,5/25/2020,24,43391,Both
307,Frederigo,Merrifield,fmerrifield8i@ibm.com,Male,Maishi,8/20/2022,34,60152,Both
308,Norene,Songist,nsongist8j@unblog.fr,Female,Ciwaru,11/8/2020,71,83813,Checking
309,Jamaal,Briereton,jbriereton8k@tamu.edu,Male,Tehrān,11/30/2017,31,113322,Checking
310,Cobbie,Pennycock,cpennycock8l@bigcartel.com,Male,Colón,7/18/2022,32,39885,Both
311,Jordain,Flay,jflay8m@npr.org,Female,Gar,7/2/2022,22,42601,Both
312,Raf,Lammenga,rlammenga8n@seattletimes.com,Female,Cermee,9/12/2022,51,99257,Savings
313,Rozanne,Bowmaker,rbowmaker8o@yandex.ru,Female,Khon Buri,8/3/2024,59,109839,Checking
314,Terry,Buckbee,tbuckbee8p@auda.org.au,Male,Sernancelhe,1/10/2022,72,125479,Savings
315,Arv,Wentworth,awentworth8q@baidu.com,Male,Wiphawadi,9/13/2019,46,108775,Both
316,Jabez,Bowry,jbowry8r@reuters.com,Male,Livadiya,6/22/2018,47,79652,Savings
317,Caitlin,Pettyfer,cpettyfer8s@sitemeter.com,Female,Guiset East,5/7/2017,20,126528,Both
318,Tyne,Smurthwaite,tsmurthwaite8t@mail.ru,Female,Pukekohe East,2/19/2021,69,96620,Savings
319,Welbie,Hursey,whursey8u@icio.us,Bigender,Luodong,12/25/2021,19,131102,Both
320,Keeley,O'Corrin,kocorrin8v@xrea.com,Female,Zhangzhu,3/23/2015,35,125504,Checking
321,Truda,Clifforth,tclifforth8w@hexun.com,Non-binary,Krasiczyn,4/30/2017,61,132575,Savings
322,Channa,Dinnis,cdinnis8x@thetimes.co.uk,Female,Baoshan,9/22/2019,28,64194,Both
323,Estella,Christofor,echristofor8y@tinyurl.com,Female,Älvdalen,5/6/2020,72,127458,Checking
324,Hewitt,Asson,hasson8z@netscape.com,Male,Kunheda Woerzu Manzu,1/27/2017,54,54670,Both
325,Cayla,Priestnall,cpriestnall90@theatlantic.com,Non-binary,Sérifos,9/28/2019,47,109151,Savings
326,Jean,Surpliss,jsurpliss91@phpbb.com,Male,Chipyela,7/30/2020,73,123216,Checking
327,Vin,Irlam,virlam92@ucoz.ru,Male,Dresden,3/12/2018,40,79934,Savings
328,Verge,Babbage,vbabbage93@csmonitor.com,Male,Richmond,8/30/2022,48,90227,Checking
329,Ossie,Grimsey,ogrimsey94@wisc.edu,Male,Xinchenglu,11/3/2020,26,103199,Savings
330,Bart,Kalinsky,bkalinsky95@example.com,Male,Amiens,11/23/2017,75,32307,Checking
331,Marlin,Bruckent,mbruckent96@biglobe.ne.jp,Male,Donnacona,2/4/2024,58,70806,Both
332,Fanni,Durbann,fdurbann97@baidu.com,Female,Liangshan,2/8/2018,55,130593,Both
333,Arni,Ubsdall,aubsdall98@tinypic.com,Male,Delanggu,4/15/2016,53,65962,Savings
334,Abbe,Spurrior,aspurrior99@qq.com,Male,Xiaomiaozi,2/12/2024,24,112177,Checking
335,Koenraad,Rustan,krustan9a@plala.or.jp,Male,Randusari,10/5/2016,35,144237,Both
336,Hans,Cawse,hcawse9b@ted.com,Male,Olovyannaya,3/5/2016,54,143558,Checking
337,Verge,Boorman,vboorman9c@hostgator.com,Male,Rönninge,12/24/2023,42,79168,Checking
338,Staford,Meeson,smeeson9d@newsvine.com,Male,Mapalacsiao,6/20/2016,39,85307,Checking
339,Arne,Overal,aoveral9e@nifty.com,Male,Krrabë,10/27/2020,74,89614,Both
340,Farand,Dunbleton,fdunbleton9f@disqus.com,Female,Ciasna,10/8/2024,42,107412,Both
341,Nicola,Swetenham,nswetenham9g@moonfruit.com,Non-binary,Ubaitaba,3/12/2024,71,139634,Both
342,Arlin,Nesterov,anesterov9h@google.fr,Non-binary,Glad,10/5/2020,42,65947,Both
343,Heindrick,Powter,hpowter9i@bluehost.com,Male,Huiwen,2/16/2023,19,143403,Both
344,Candis,Wigg,cwigg9j@answers.com,Female,Jiangxiangzhen,11/5/2020,54,80329,Checking
345,Perkin,Tayspell,ptayspell9k@ask.com,Male,Bopu,9/28/2019,35,78346,Savings
346,Micaela,Lortz,mlortz9l@nih.gov,Female,Tacoma,1/1/2015,54,56507,Both
347,Nathan,Ilson,nilson9m@harvard.edu,Genderqueer,Zhoupu,5/6/2022,28,113158,Both
348,Zorina,Skilling,zskilling9n@pbs.org,Female,‘Anjarah,1/25/2020,51,73894,Both
349,Shermie,Truswell,struswell9o@hc360.com,Male,Cikomara,5/5/2018,72,38998,Savings
350,Mackenzie,Whates,mwhates9p@accuweather.com,Male,Sémbé,5/8/2022,31,33665,Checking
351,Holly,Minocchi,hminocchi9q@theatlantic.com,Male,Lidköping,6/21/2022,43,107498,Savings
352,Timoteo,Blackmore,tblackmore9r@list-manage.com,Polygender,Yirga ‘Alem,1/16/2019,63,43666,Checking
353,Happy,Yeell,hyeell9s@bing.com,Female,Ma’ao,7/11/2022,72,43117,Both
354,Reg,Manueli,rmanueli9t@huffingtonpost.com,Male,Duncan Town,11/15/2016,47,120749,Both
355,Saleem,De Cruz,sdecruz9u@hostgator.com,Polygender,Guadalupe Victoria,7/14/2021,20,53941,Savings
356,Saloma,Oliver,soliver9v@angelfire.com,Female,Xiabao,12/4/2019,57,94532,Both
357,Thornie,Redish,tredish9w@gov.uk,Male,Sucun,9/7/2018,19,97907,Both
358,Darius,Parrington,dparrington9x@chron.com,Male,Charikar,7/14/2020,70,67478,Savings
359,Whitby,Gonzalvo,wgonzalvo9y@engadget.com,Male,Pontevedra,12/6/2021,24,103565,Checking
360,Tibold,Kilshaw,tkilshaw9z@umn.edu,Male,Puttalam,7/25/2017,62,149720,Checking
361,Bertina,Warder,bwardera0@apache.org,Female,Svirsk,9/5/2021,74,51816,Savings
362,Karon,Carn,kcarna1@yolasite.com,Female,Ljubovija,5/25/2017,40,141056,Checking
363,John,Youthead,jyoutheada2@loc.gov,Genderfluid,Tasböget,9/21/2024,62,73585,Savings
364,Quinlan,Taffs,qtaffsa3@examiner.com,Male,Palmar de Varela,9/15/2024,71,118428,Checking
365,Lowrance,Whitchurch,lwhitchurcha4@google.com.au,Male,Yaroslavl,2/28/2017,63,98700,Both
366,Chevy,Clousley,cclousleya5@wix.com,Male,Havířov,11/11/2016,74,39979,Checking
367,Cyrillus,Weitzel,cweitzela6@auda.org.au,Male,San Pedro de Macorís,2/26/2018,33,75675,Checking
368,Faber,Deex,fdeexa7@theguardian.com,Male,Belisario Dominguez,2/8/2018,53,133804,Savings
369,Lou,Sleite,lsleitea8@sphinn.com,Male,Vimmerby,10/4/2017,64,109130,Savings
370,Parrnell,Hiscocks,phiscocksa9@cargocollective.com,Bigender,Agarsin,8/5/2023,66,42607,Both
371,Charin,Pettko,cpettkoaa@mozilla.org,Female,Den Haag,2/7/2016,23,139387,Savings
372,Dionis,Spellesy,dspellesyab@scientificamerican.com,Female,Limon,5/2/2024,42,143151,Savings
373,Dmitri,Reynish,dreynishac@google.es,Male,Peso da Régua,8/8/2021,34,58932,Checking
374,Raquela,Scafe,rscafead@ifeng.com,Female,Kulautuva,6/19/2022,47,56366,Checking
375,James,Hulmes,jhulmesae@admin.ch,Agender,Quinuabamba,5/11/2022,51,145519,Checking
376,Karylin,Blewis,kblewisaf@topsy.com,Female,Pisang,5/22/2023,20,37359,Checking
377,Arie,Bentsen,abentsenag@dagondesign.com,Male,Oesao,4/13/2021,22,137947,Both
378,Siobhan,Skerratt,sskerrattah@goodreads.com,Female,Merefa,7/28/2024,69,43649,Savings
379,Michael,Jamme,mjammeai@mayoclinic.com,Bigender,Labo,2/24/2015,70,43662,Savings
380,Freeman,Schreurs,fschreursaj@51.la,Male,Bjuv,8/29/2016,44,140861,Both
381,Berkley,Devoy,bdevoyak@twitter.com,Male,Bulakgebang,1/4/2020,53,141219,Both
382,Arlen,Brent,abrental@apache.org,Male,Borovlyany,3/9/2023,64,92813,Both
383,Kissie,Ivanikhin,kivanikhinam@sakura.ne.jp,Female,Wieczfnia Kościelna,6/20/2019,70,30482,Savings
384,Chick,Cossins,ccossinsan@usa.gov,Male,Setro,6/10/2015,36,147743,Savings
385,Linc,Stanbury,lstanburyao@skype.com,Male,Ta‘izz,11/28/2022,69,78467,Checking
386,Maire,Heatley,mheatleyap@homestead.com,Female,Yingzhou,5/27/2024,34,103159,Both
387,Haley,Ellins,hellinsaq@cbsnews.com,Male,Sotteville-lès-Rouen,10/7/2024,37,71829,Checking
388,Kory,Minette,kminettear@home.pl,Male,Lāchi,10/13/2017,48,67084,Savings
389,Iona,Meadway,imeadwayas@posterous.com,Female,Yumaguzino,10/9/2016,22,93428,Savings
390,Sandye,Erie,serieat@youku.com,Female,Borås,2/14/2023,45,60216,Savings
391,Anthia,Mumbray,amumbrayau@cbslocal.com,Female,Huddinge,10/28/2015,48,142607,Both
392,Lark,Gilby,lgilbyav@constantcontact.com,Female,Uummannaq,6/19/2022,58,31587,Checking
393,Spenser,Skrines,sskrinesaw@accuweather.com,Male,Luoyuan,1/8/2022,32,31260,Savings
394,Oneida,O'Sherin,oosherinax@abc.net.au,Female,Luyang,11/6/2022,48,40114,Savings
395,Adan,Pettican,apetticanay@eventbrite.com,Male,Kayasula,8/24/2016,21,121476,Both
396,Stafani,Lamont,slamontaz@gnu.org,Female,El Paso,11/1/2019,49,68577,Savings
397,Fred,Magauran,fmagauranb0@addtoany.com,Male,Tierp,11/18/2017,36,47946,Checking
398,Vasily,Pimley,vpimleyb1@i2i.jp,Male,Farīmān,4/20/2018,65,62956,Savings
399,Nickolaus,Proudman,nproudmanb2@stumbleupon.com,Male,Kolomyya,5/15/2017,45,147574,Savings
400,Lorine,MacCumeskey,lmaccumeskeyb3@globo.com,Female,Hepo,8/3/2021,65,35934,Savings
401,Wang,Froom,wfroomb4@de.vu,Male,Payao,11/23/2015,24,57963,Savings
402,Deane,Pease,dpeaseb5@mlb.com,Female,Behābād,3/3/2020,38,143270,Checking
403,Kerk,Kolis,kkolisb6@phoca.cz,Male,Blokdesa Situgede,11/1/2016,46,104044,Both
404,Kellie,Scarbarrow,kscarbarrowb7@reverbnation.com,Female,Torbeck,8/2/2022,69,98118,Both
405,Rodolph,Remer,rremerb8@sohu.com,Male,Qiaosi,4/18/2017,44,36674,Both
406,Storm,Ramel,sramelb9@yellowbook.com,Female,Avaré,6/19/2021,18,133468,Checking
407,Roberto,Rockwell,rrockwellba@army.mil,Male,Barreiras,9/21/2018,54,54132,Both
408,Jennifer,Roddick,jroddickbb@jimdo.com,Female,Nanshi,3/8/2017,68,75799,Savings
409,Torrence,Rozea,trozeabc@t.co,Male,Horten,10/16/2016,36,110898,Both
410,Marita,Kearford,mkearfordbd@parallels.com,Female,Tianxingchang,1/8/2019,59,132308,Checking
411,Alberik,Jencey,ajenceybe@ameblo.jp,Male,São Luís,7/6/2020,47,40439,Checking
412,Raddy,Canceller,rcancellerbf@mozilla.com,Male,Sindangsari,12/12/2017,65,79982,Checking
413,Marabel,Strodder,mstrodderbg@ted.com,Female,Geputan,10/4/2018,36,130108,Savings
414,Afton,Alder,aalderbh@123-reg.co.uk,Female,Komprachcice,11/21/2024,31,58350,Savings
415,Hayes,Lawes,hlawesbi@wikispaces.com,Male,Fajões,1/11/2024,51,116931,Checking
416,Jasper,Francillo,jfrancillobj@symantec.com,Agender,Helixi,8/21/2018,66,66374,Checking
417,Aloise,Medendorp,amedendorpbk@oakley.com,Female,Bagroy,11/13/2016,35,88243,Checking
418,Erik,Mannock,emannockbl@independent.co.uk,Male,Meishan,12/2/2017,33,133753,Both
419,Zacharias,Kopp,zkoppbm@cornell.edu,Male,Sundsvall,6/28/2016,44,76660,Checking
420,Frants,Speirs,fspeirsbn@sohu.com,Male,Razan,3/28/2015,42,113656,Checking
421,Nobe,Wooder,nwooderbo@quantcast.com,Male,Mianay,5/7/2023,67,110894,Checking
422,Tracey,Rodgerson,trodgersonbp@ow.ly,Male,Popielów,4/4/2017,30,85714,Checking
423,Vic,Crotty,vcrottybq@ca.gov,Male,Pingtian,5/28/2021,70,57872,Checking
424,Doralyn,Atte-Stone,dattestonebr@mashable.com,Female,Tigbinan,7/7/2024,24,119287,Savings
425,Oates,Dominiak,odominiakbs@pen.io,Male,Toktogul,12/28/2021,40,47899,Checking
426,Correy,Greber,cgreberbt@redcross.org,Female,Uiasa,11/17/2016,21,46781,Both
427,Shannon,Dawidman,sdawidmanbu@flavors.me,Male,Jevíčko,4/14/2016,70,79672,Savings
428,Halette,Prydie,hprydiebv@goodreads.com,Female,Xibu,4/19/2018,42,72581,Checking
429,Hermy,Breen,hbreenbw@tamu.edu,Male,Qiankou,1/6/2018,41,47017,Checking
430,Daveta,Lebrun,dlebrunbx@ca.gov,Female,Pawak,6/25/2020,44,99770,Both
431,Raphaela,Lawn,rlawnby@goo.gl,Female,White City,10/7/2021,46,148976,Savings
432,Titus,Blitzer,tblitzerbz@hud.gov,Male,Maonon,2/6/2019,47,114298,Checking
433,Alena,Krzysztof,akrzysztofc0@surveymonkey.com,Female,Las Animas,11/15/2017,36,122364,Checking
434,Shelli,Tregent,stregentc1@ehow.com,Non-binary,Maluso,12/27/2020,40,69048,Savings
435,Fairlie,Caston,fcastonc2@bloglovin.com,Male,Santa Lucia,6/29/2016,66,93336,Both
436,Marvin,Tomczynski,mtomczynskic3@yale.edu,Bigender,Negotin,10/11/2017,55,132025,Savings
437,Vere,Bau,vbauc4@mapquest.com,Female,Tangjiakou,8/12/2020,75,56832,Checking
438,Antonetta,Jacklin,ajacklinc5@time.com,Female,Jian’ou,5/22/2023,32,135605,Checking
439,Clary,Angeli,cangelic6@oracle.com,Female,Varberg,2/13/2022,75,96339,Both
440,Oby,Cotes,ocotesc7@cloudflare.com,Male,Paya Dapur,4/5/2018,63,106903,Both
441,Augustus,Barras,abarrasc8@blog.com,Male,Pathein,12/29/2019,47,133417,Savings
442,Eirena,Foffano,efoffanoc9@google.nl,Female,Xueshan,2/24/2020,70,65367,Checking
443,Hendrick,Nuscha,hnuschaca@shutterfly.com,Genderfluid,Pleiku,3/9/2018,51,30251,Both
444,Pavel,Paladini,ppaladinicb@hexun.com,Male,Changzheng,6/27/2018,44,75515,Both
445,Marianne,Kinsella,mkinsellacc@arizona.edu,Female,Mugan,5/7/2018,45,85698,Savings
446,Gregoor,Vedeniktov,gvedeniktovcd@phpbb.com,Male,Huangpu,9/5/2019,71,44098,Both
447,Carce,Fosdick,cfosdickce@toplist.cz,Male,Ust’-Donetskiy,2/21/2021,48,146517,Checking
448,Betti,Risson,brissoncf@technorati.com,Female,Damaishan,3/20/2018,70,124837,Savings
449,Adah,Kilvington,akilvingtoncg@indiegogo.com,Female,Zabłocie,8/1/2023,71,65715,Savings
450,Hal,Treacy,htreacych@japanpost.jp,Non-binary,Tarłów,4/17/2016,59,49161,Checking
451,Adaline,Eagleton,aeagletonci@tamu.edu,Female,Batticaloa,7/26/2022,22,119167,Checking
452,Torr,Skene,tskenecj@squidoo.com,Male,Xinglong,3/6/2021,29,147795,Savings
453,Giffer,Esler,geslerck@skyrock.com,Male,Mönsterås,1/29/2019,21,31190,Checking
454,Bonnie,Pardy,bpardycl@ycombinator.com,Female,Tisno,11/20/2016,24,59724,Checking
455,Oralie,Mellonby,omellonbycm@quantcast.com,Female,Huaqiao,9/1/2020,36,73727,Savings
456,Rosamond,Hobbing,rhobbingcn@youtu.be,Female,Ranot,8/23/2018,34,103741,Savings
457,Emlynne,Rollins,erollinsco@studiopress.com,Female,Yacuiba,7/18/2023,21,54793,Savings
458,Nissa,Dennerly,ndennerlycp@census.gov,Female,Ruyigi,11/24/2017,54,146891,Savings
459,Kelley,Baudain,kbaudaincq@prlog.org,Male,Alcoy,6/5/2021,26,144107,Both
460,Austina,Dearsley,adearsleycr@go.com,Female,Libon,6/20/2017,34,55601,Savings
461,Tallie,Androsik,tandrosikcs@archive.org,Female,Al Maşlūb,7/20/2016,40,45143,Both
462,Ferdie,Tees,fteesct@cnet.com,Male,Gongchenqiao,1/24/2017,73,106336,Both
463,Lauritz,Blum,lblumcu@nature.com,Male,Tambakan,8/3/2021,74,145090,Checking
464,Pietrek,Boultwood,pboultwoodcv@nba.com,Genderfluid,Dolní Dunajovice,2/19/2020,72,80763,Savings
465,Carolee,Adame,cadamecw@alibaba.com,Female,Baiyang,7/24/2023,19,58034,Checking
466,Isabelita,Gainforth,igainforthcx@yahoo.com,Bigender,Labuhanlalar,3/3/2017,61,44436,Checking
467,Audry,Denecamp,adenecampcy@clickbank.net,Female,Balagon,3/24/2015,35,70051,Savings
468,Jess,Hadgkiss,jhadgkisscz@microsoft.com,Male,Gandapura,12/7/2019,29,76681,Savings
469,Zaneta,Gatland,zgatlandd0@wikispaces.com,Female,Mpigi,4/2/2024,60,60182,Checking
470,Jade,Akred,jakredd1@paginegialle.it,Genderfluid,Atalaia,1/1/2017,53,109339,Savings
471,Marcellus,Pargent,mpargentd2@hexun.com,Male,Bigaa,2/28/2019,19,122595,Savings
472,Fred,Davydochkin,fdavydochkind3@goo.ne.jp,Male,Vidoši,1/27/2023,37,126853,Savings
473,Janna,Loukes,jloukesd4@themeforest.net,Female,Bira,12/23/2016,74,131553,Both
474,Ula,McKeating,umckeatingd5@youtu.be,Female,Jamalteca,4/26/2017,27,114476,Checking
475,Gwenni,Tolussi,gtolussid6@123-reg.co.uk,Female,Chapayeve,7/9/2020,44,46800,Savings
476,Ag,Olech,aolechd7@freewebs.com,Female,Zall-Dardhë,7/26/2018,35,127125,Savings
477,Karisa,Tredget,ktredgetd8@icq.com,Female,Olds,2/26/2016,32,42000,Both
478,Ezequiel,Simonutti,esimonuttid9@howstuffworks.com,Male,Cuenca,12/9/2020,29,78748,Checking
479,Michael,Lambersen,mlambersenda@ft.com,Male,Mozhga,1/31/2024,57,111457,Savings
480,Maxi,Dysart,mdysartdb@yelp.com,Female,Gaoqiao,11/20/2015,50,55908,Both
481,Derry,Lukianovich,dlukianovichdc@discuz.net,Male,Jazovo,9/23/2022,37,48054,Checking
482,Merlina,Doul,mdouldd@pen.io,Female,Severnyy,11/17/2018,72,51307,Both
483,Dre,Romeril,dromerilde@comcast.net,Female,Buenavista,7/17/2021,37,105947,Both
484,Shalne,Castillo,scastillodf@auda.org.au,Female,Santa Lucia,7/18/2024,55,147674,Savings
485,Therine,Hebson,thebsondg@hp.com,Female,Longfeng,12/21/2017,41,63056,Savings
486,Darda,Ferenczi,dferenczidh@wsj.com,Female,Puerto Tejada,8/18/2018,62,99733,Both
487,Chrissy,Wadesworth,cwadesworthdi@nasa.gov,Male,Sandy Bay,3/17/2020,19,65178,Savings
488,Gracie,Lazenby,glazenbydj@prnewswire.com,Female,Karanglincak,1/31/2023,24,144760,Savings
489,Joelie,Pinkie,jpinkiedk@indiegogo.com,Female,Bergen,3/24/2024,63,86958,Both
490,Putnem,Jephcott,pjephcottdl@pagesperso-orange.fr,Male,Amnat Charoen,9/4/2017,36,116334,Checking
491,Allen,Geall,agealldm@apache.org,Male,Salinungan Proper,11/15/2019,25,33718,Checking
492,Brendis,Arangy,barangydn@google.ru,Male,Mander,7/10/2019,40,50129,Savings
493,Danell,Eliet,delietdo@parallels.com,Female,Manticao,7/20/2020,48,77488,Both
494,Marchall,Dunseith,mdunseithdp@apache.org,Male,Sukošan,8/9/2022,64,53406,Savings
495,Alasteir,Stranaghan,astranaghandq@dropbox.com,Male,Ōno-hara,9/18/2016,49,40421,Checking
496,Orrin,Gilkison,ogilkisondr@latimes.com,Male,El Rancho,6/9/2015,70,56468,Savings
497,Lilian,Gilbride,lgilbrideds@ftc.gov,Female,Sangke,10/6/2019,64,103062,Both
498,Amy,Edelman,aedelmandt@privacy.gov.au,Female,General Conesa,2/21/2015,22,57406,Both
499,Claus,MacDonagh,cmacdonaghdu@stanford.edu,Polygender,Dachong,9/3/2022,66,114403,Both
500,Oliviero,Pasterfield,opasterfielddv@github.io,Polygender,Kaduheuleut,7/25/2020,37,71714,Checking
501,Shermy,Hasselby,shasselbydw@mysql.com,Male,Maiyema,8/1/2020,20,131816,Both
502,Kriste,Reasun,kreasundx@latimes.com,Female,Río Grande,9/28/2020,37,148084,Savings
503,Laverna,Spencock,lspencockdy@4shared.com,Bigender,San Bernardino,2/24/2015,43,84189,Both
504,Domeniga,Dain,ddaindz@disqus.com,Female,Lakateng,4/28/2020,28,66134,Savings
505,Jerrold,Bartoszewicz,jbartoszewicze0@google.co.jp,Male,Las Tejerías,12/25/2024,34,120092,Checking
506,Janet,Holdron,jholdrone1@home.pl,Female,Louisville,3/5/2021,40,92953,Both
507,Darb,Camies,dcamiese2@macromedia.com,Female,Fort Myers,5/9/2021,38,122522,Checking
508,Trixy,Westfield,twestfielde3@salon.com,Female,Salimbao,9/18/2015,69,78505,Both
509,Damita,Kubala,dkubalae4@51.la,Female,Xinxing,8/31/2016,62,81987,Savings
510,Katine,Grogona,kgrogonae5@mayoclinic.com,Female,Masaya,1/6/2020,39,80525,Both
511,Quintina,Raynton,qrayntone6@parallels.com,Female,Chishmy,4/29/2020,53,113270,Checking
512,Jenn,Downing,jdowninge7@etsy.com,Female,Bojadła,7/24/2016,49,120759,Savings
513,Romain,Sumbler,rsumblere8@ebay.com,Male,Zadawa,12/17/2024,55,39892,Both
514,Raynard,Sergant,rsergante9@fotki.com,Male,Renfrew,9/12/2017,57,123883,Both
515,Rossie,Le Huquet,rlehuquetea@deliciousdays.com,Male,Pustomyty,9/26/2017,47,32012,Savings
516,Mortie,Stagge,mstaggeeb@google.it,Male,Mahajanga,12/11/2020,68,58174,Both
517,Worthy,Bugdell,wbugdellec@github.com,Male,Wola Jachowa,3/18/2021,52,37658,Checking
518,Ty,Curd,tcurded@vistaprint.com,Male,Újezd,3/23/2021,72,31000,Both
519,Wadsworth,Bezemer,wbezemeree@upenn.edu,Non-binary,Vårby,5/31/2015,54,127545,Both
520,Tobin,Hackford,thackfordef@blog.com,Male,Bandundu,7/28/2020,71,33671,Both
521,Aprilette,Brookz,abrookzeg@cocolog-nifty.com,Female,Aachen,7/11/2020,35,110349,Checking
522,Pansy,Leek,pleekeh@angelfire.com,Female,Quinta da Courela,12/22/2024,62,118443,Savings
523,Lisabeth,Kiddy,lkiddyei@mit.edu,Female,Miami,1/8/2019,53,141227,Savings
524,Bernarr,Douberday,bdouberdayej@nature.com,Male,Sidi Slimane,8/23/2016,56,133862,Both
525,Eilis,Crannach,ecrannachek@jugem.jp,Female,Angered,3/14/2023,18,89045,Savings
526,Saba,Klazenga,sklazengael@ebay.co.uk,Female,Naga,7/13/2017,25,87363,Checking
527,Dannel,Puddephatt,dpuddephattem@shareasale.com,Male,Yŏnggwang-ŭp,12/9/2020,28,75315,Checking
528,Ainslee,Halston,ahalstonen@constantcontact.com,Female,Pustá Polom,9/16/2017,47,95015,Savings
529,Ad,Twells,atwellseo@bloglovin.com,Male,El Quetzal,6/14/2015,41,115727,Savings
530,Fawne,Breffit,fbreffitep@oracle.com,Female,Stockholm,3/21/2022,43,86703,Savings
531,Randal,Clapson,rclapsoneq@issuu.com,Male,Huayllo,12/15/2015,69,114894,Checking
532,Britt,Seaton,bseatoner@wikipedia.org,Female,Pavlogradka,6/5/2017,46,82455,Savings
533,Vina,Glaister,vglaisteres@noaa.gov,Genderfluid,Schifflange,8/3/2019,58,77881,Checking
534,Beatrix,Capehorn,bcapehornet@bloomberg.com,Female,Tawangsari,11/10/2024,18,42388,Both
535,Currey,Margetson,cmargetsoneu@scientificamerican.com,Male,Řečany nad Labem,3/31/2023,28,95484,Both
536,Sterne,Hitscher,shitscherev@spotify.com,Male,Itapecerica,5/30/2024,46,146888,Checking
537,Ellary,Upward,eupwardew@ebay.co.uk,Male,Acopampa,2/3/2019,36,48905,Savings
538,Bessy,Kalderon,bkalderonex@pcworld.com,Female,Ginebra,12/11/2017,49,139422,Both
539,Hoyt,Barnwell,hbarnwelley@comsenz.com,Male,Kato Pyrgos,9/19/2022,53,125474,Savings
540,Donovan,Baitey,dbaiteyez@bizjournals.com,Male,Andir,2/6/2022,29,78647,Both
541,Alberto,Barenski,abarenskif0@xinhuanet.com,Male,Giawang,10/25/2019,59,107327,Both
542,Nannette,Kalewe,nkalewef1@foxnews.com,Female,Fak Tha,11/15/2016,19,30504,Both
543,Kakalina,Hanaford,khanafordf2@blogger.com,Female,Hongshanyao,4/3/2016,34,130474,Savings
544,Rosmunda,Whitta,rwhittaf3@eepurl.com,Female,Fengyi,7/26/2020,44,30150,Savings
545,Oates,MacTeague,omacteaguef4@trellian.com,Male,Marne-la-Vallée,9/20/2018,52,114558,Checking
546,Ebenezer,Calveley,ecalveleyf5@jiathis.com,Male,Lluidas Vale,11/11/2022,71,121911,Checking
547,Paxton,MacGorley,pmacgorleyf6@ycombinator.com,Male,Moyale,1/9/2015,33,54339,Savings
548,Sharon,Ralton,sraltonf7@wikia.com,Bigender,Mzuzu,7/20/2015,38,107982,Both
549,Cirillo,Mullin,cmullinf8@europa.eu,Male,Xibër-Murrizë,3/22/2024,71,66554,Savings
550,Carmon,Galer,cgalerf9@paginegialle.it,Bigender,'s-Hertogenbosch,2/17/2015,54,59079,Savings
551,Hillyer,Fairhead,hfairheadfa@simplemachines.org,Male,Yacuiba,3/16/2024,28,98037,Checking
552,Alistair,Rapps,arappsfb@php.net,Male,Tielou,6/11/2021,54,124876,Both
553,Windham,Littler,wlittlerfc@unc.edu,Male,Tawan tawan,11/16/2016,40,53906,Checking
554,Claudine,Milne,cmilnefd@hao123.com,Female,Mobile,7/19/2024,69,147938,Savings
555,Heall,Jouannisson,hjouannissonfe@miitbeian.gov.cn,Male,Fundación,3/20/2024,55,83639,Checking
556,Patin,Showte,pshowteff@google.pl,Non-binary,São Mateus do Sul,3/27/2022,42,70070,Savings
557,Delmor,Halladay,dhalladayfg@nature.com,Male,Votkinsk,10/27/2016,19,113399,Savings
558,Tommy,Jekel,tjekelfh@issuu.com,Male,Desnogorsk,1/19/2015,39,130126,Both
559,Abner,Aslett,aaslettfi@smugmug.com,Male,Tamontaka,7/25/2020,48,101566,Both
560,Sollie,Alabaster,salabasterfj@t.co,Male,Paris La Défense,11/17/2021,70,76986,Both
561,Genevieve,Walling,gwallingfk@npr.org,Female,Luojiang,6/25/2018,66,44528,Both
562,Dorolice,Tapner,dtapnerfl@symantec.com,Female,Zhishan,12/4/2022,42,71759,Checking
563,Consuelo,McGilmartin,cmcgilmartinfm@auda.org.au,Female,Hengjiang,8/19/2019,49,146686,Checking
564,Paco,Cuell,pcuellfn@cafepress.com,Male,Qarāwat Banī Zayd,8/27/2019,47,71286,Both
565,Bondon,Yacobsohn,byacobsohnfo@sakura.ne.jp,Male,San Pedro,8/19/2015,65,65142,Checking
566,Tilda,Burney,tburneyfp@ning.com,Female,Dopang,9/19/2016,73,128847,Both
567,Jamal,Pail,jpailfq@booking.com,Agender,Jingcheng,10/11/2021,64,84140,Both
568,Fonsie,Jermey,fjermeyfr@phoca.cz,Male,Yuecheng,8/26/2024,55,146498,Savings
569,Florencia,Scorthorne,fscorthornefs@bizjournals.com,Female,Demba,10/28/2022,60,93188,Checking
570,Michaella,Berthomieu,mberthomieuft@wikipedia.org,Female,Pueblo Nuevo,2/1/2022,69,38904,Both
571,Kylie,Colt,kcoltfu@simplemachines.org,Female,Sezures,7/16/2022,48,83033,Savings
572,Rosy,Pinckney,rpinckneyfv@plala.or.jp,Bigender,Igpit,7/16/2018,66,56867,Checking
573,Ariadne,Mattessen,amattessenfw@behance.net,Female,Batal,3/29/2019,51,111277,Both
574,Barby,Ansell,bansellfx@vk.com,Female,Jati,2/12/2020,55,105025,Checking
575,Eric,McGaugie,emcgaugiefy@slashdot.org,Male,Kibuku,12/4/2021,29,67723,Checking
576,Dougie,Larrat,dlarratfz@chicagotribune.com,Male,Naran Bulag,5/5/2017,21,94865,Both
577,Blithe,Thomazin,bthomazing0@cornell.edu,Female,Katoúna,12/12/2015,69,116043,Both
578,Jacques,Quiddihy,jquiddihyg1@webs.com,Male,Ordynskoye,10/12/2018,54,81105,Both
579,Michaela,Belsher,mbelsherg2@berkeley.edu,Female,Maple Plain,8/22/2024,63,80197,Savings
580,Arnold,Yes,ayesg3@google.es,Male,Ma'an,5/5/2018,64,109896,Checking
581,Ozzie,Norrie,onorrieg4@si.edu,Male,Eindhoven,8/11/2024,73,118586,Both
582,Sarette,Vlasenko,svlasenkog5@chicagotribune.com,Female,Sumberjo,3/29/2015,42,112024,Checking
583,Sharl,Fowlston,sfowlstong6@abc.net.au,Female,Huangling,3/21/2020,69,115708,Checking
584,Cassy,Simonich,csimonichg7@yahoo.com,Female,Gorjani,9/1/2021,47,65172,Savings
585,Jerrine,Nelson,jnelsong8@weibo.com,Female,Conceição da Abóboda,7/22/2020,28,92758,Savings
586,Michel,Feavyour,mfeavyourg9@intel.com,Male,Xinbu,2/17/2020,61,95244,Checking
587,Bryana,Hewkin,bhewkinga@istockphoto.com,Female,Daguyun,1/30/2020,52,146050,Savings
588,Boy,Sapp,bsappgb@businesswire.com,Male,Shuijiang,2/13/2024,70,95163,Checking
589,Kurtis,Tollerfield,ktollerfieldgc@smh.com.au,Male,Quipot,12/8/2017,41,40609,Savings
590,Tanner,Leachman,tleachmangd@harvard.edu,Male,Gēdo,5/26/2018,39,32084,Both
591,Angelita,Cassey,acasseyge@netscape.com,Female,Dankunku,11/15/2023,41,116541,Checking
592,Lambert,Petersen,lpetersengf@nature.com,Male,Itagüí,5/13/2024,23,84092,Savings
593,Fabe,Goucher,fgouchergg@wsj.com,Male,Banes,5/18/2017,47,148522,Both
594,Frasquito,Dollimore,fdollimoregh@blogtalkradio.com,Male,Batumi,9/15/2016,43,58917,Both
595,Sylvia,Carlsen,scarlsengi@squidoo.com,Female,Goubétto,5/8/2022,49,73447,Savings
596,Ileana,Flescher,ifleschergj@umich.edu,Female,Ngori,5/16/2018,20,126835,Savings
597,Ema,Romanelli,eromanelligk@ca.gov,Female,Zarechnyy,5/12/2016,18,38516,Checking
598,Roberto,Vedmore,rvedmoregl@engadget.com,Genderqueer,Wschowa,12/20/2023,29,128522,Checking
599,Elisabet,Clubb,eclubbgm@cloudflare.com,Female,Suocheng,11/18/2022,55,102497,Both
600,Annora,McGowran,amcgowrangn@last.fm,Non-binary,Zbąszyń,3/1/2019,54,127724,Both
601,Cody,Fawdrie,cfawdriego@oaic.gov.au,Female,Niños Heroes,5/7/2020,26,141597,Savings
602,Granger,Ramsbotham,gramsbothamgp@technorati.com,Male,Asahbadung,4/7/2024,29,133362,Both
603,Jasmina,Storres,jstorresgq@merriam-webster.com,Female,Kraśnik,12/16/2015,31,92716,Savings
604,Mano,Gages,mgagesgr@spotify.com,Bigender,Cavaillon,12/1/2019,74,62936,Both
605,Claresta,McGaw,cmcgawgs@unesco.org,Female,Aubervilliers,7/17/2018,54,82351,Savings
606,Cleo,Lindeman,clindemangt@acquirethisname.com,Female,Marapanim,12/28/2022,62,132440,Both
607,Hastings,Tackley,htackleygu@uiuc.edu,Male,Ballymun,5/12/2019,65,138951,Savings
608,Hillyer,MacCook,hmaccookgv@miibeian.gov.cn,Male,Bandarlampung,3/29/2015,30,97275,Both
609,Hart,Peplay,hpeplaygw@nymag.com,Male,Fort Worth,7/30/2024,44,130612,Savings
610,Hamil,Riccardelli,hriccardelligx@mlb.com,Male,Suqiaoxiang,1/19/2015,19,117469,Both
611,Desi,Elwood,delwoodgy@macromedia.com,Non-binary,Nantes,5/18/2023,54,51831,Both
612,Mehetabel,Chesher,mcheshergz@ucoz.com,Female,Arjona,8/8/2015,40,94742,Checking
613,Audry,Pamphilon,apamphilonh0@latimes.com,Female,Beijós,7/24/2019,57,68523,Savings
614,Johnette,Marte,jmarteh1@hud.gov,Female,Denton,9/21/2017,24,138928,Checking
615,Kiah,Lewton,klewtonh2@bigcartel.com,Female,Abrantes,7/27/2016,25,141771,Both
616,Maddi,Goldbourn,mgoldbournh3@tumblr.com,Female,Bamban,7/22/2022,30,127917,Savings
617,Sybila,Clues,scluesh4@amazonaws.com,Female,Salinas,10/27/2021,22,118883,Checking
618,Dollie,Huscroft,dhuscrofth5@hatena.ne.jp,Female,Ar Raqqah,12/10/2015,32,58610,Savings
619,Rip,Hellin,rhellinh6@sun.com,Male,Yangzi,4/16/2022,62,30633,Savings
620,Edouard,Patten,epattenh7@paginegialle.it,Polygender,Lupo,9/30/2016,71,61097,Both
621,Laurella,Ahrend,lahrendh8@bing.com,Female,Chenglin,3/24/2024,35,35162,Checking
622,Chevalier,Speir,cspeirh9@google.ru,Male,Nagahama,12/7/2016,50,33819,Both
623,Rodge,Cleaveland,rcleavelandha@bandcamp.com,Male,Ortega,12/25/2019,49,126319,Checking
624,Leshia,Border,lborderhb@aol.com,Female,Mander,2/23/2024,74,72717,Checking
625,Evy,Rodger,erodgerhc@ning.com,Female,Xintang,6/25/2018,35,114099,Savings
626,Nevile,Tucknutt,ntucknutthd@earthlink.net,Male,Setono,10/25/2020,65,101897,Savings
627,Chaim,Fackrell,cfackrellhe@edublogs.org,Male,Hitura,10/25/2018,26,103901,Both
628,Killian,Seivwright,kseivwrighthf@state.tx.us,Male,Huanggang,3/27/2018,68,128473,Both
629,Nonnah,Ashness,nashnesshg@zdnet.com,Non-binary,Krajan Pocangan,9/18/2017,58,130760,Checking
630,Sinclair,Calton,scaltonhh@dmoz.org,Male,Kaiama,8/23/2017,50,147873,Savings
631,Gardner,Kobera,gkoberahi@go.com,Male,Nāḩiyat Alī ash Sharqī,9/2/2022,50,44590,Both
632,Dallas,Gonnely,dgonnelyhj@quantcast.com,Genderqueer,Lyon,2/8/2018,70,121004,Checking
633,Alister,Casement,acasementhk@twitter.com,Male,Dankama,2/11/2019,70,112942,Savings
634,Mira,Tupie,mtupiehl@craigslist.org,Female,Xiping,10/3/2017,38,50349,Savings
635,Moritz,Dootson,mdootsonhm@harvard.edu,Male,Balaoang,10/23/2021,27,126926,Savings
636,Kip,Gittus,kgittushn@bloglovin.com,Female,Port-à-Piment,11/13/2021,21,57924,Both
637,Shurwood,Ridge,sridgeho@myspace.com,Male,Périgueux,10/6/2017,19,143680,Both
638,Cyrillus,Gotfrey,cgotfreyhp@ft.com,Male,Banos,12/21/2021,19,54821,Savings
639,Tadd,Kilbourne,tkilbournehq@hugedomains.com,Male,Ciguna,2/3/2019,49,97039,Checking
640,Shelley,Dansken,sdanskenhr@taobao.com,Male,Moganshan,6/5/2024,29,103486,Checking
641,Emerson,Koopman,ekoopmanhs@booking.com,Male,Dve Mogili,6/22/2015,46,108262,Savings
642,Kissie,Lopez,klopezht@dagondesign.com,Female,Chumphon Buri,8/26/2016,58,106828,Both
643,Bernice,MacCorkell,bmaccorkellhu@bloglines.com,Female,Strazhitsa,8/21/2019,65,77683,Savings
644,Marietta,Topley,mtopleyhv@gmpg.org,Female,El Triunfo,1/17/2018,42,74216,Both
645,Cleavland,Coldridge,ccoldridgehw@drupal.org,Male,Nouâdhibou,6/10/2015,52,149759,Savings
646,Rahal,Lauga,rlaugahx@technorati.com,Female,Nanyuan,1/15/2021,43,130423,Checking
647,Leonardo,Yanshonok,lyanshonokhy@businessweek.com,Male,Paris 10,1/4/2015,57,122784,Checking
648,Salem,Sambles,ssambleshz@unesco.org,Male,Aliaga,4/3/2023,47,35082,Savings
649,Ettie,Huguet,ehugueti0@instagram.com,Female,Kotaagung,5/6/2018,73,47615,Checking
650,Cortie,Yeabsley,cyeabsleyi1@freewebs.com,Male,Kathu,10/12/2015,67,77788,Checking
651,Benjie,Wabb,bwabbi2@utexas.edu,Male,Headlands,9/22/2020,59,77971,Savings
652,Cristabel,Scawton,cscawtoni3@miibeian.gov.cn,Female,Jetaral,8/8/2022,69,147317,Savings
653,Devonna,Haszard,dhaszardi4@discuz.net,Female,Koski Tl,12/25/2023,45,98756,Savings
654,Hodge,Errichiello,herrichielloi5@hugedomains.com,Male,Tessaoua,7/19/2021,61,91748,Both
655,Kylen,Wyles,kwylesi6@npr.org,Female,Pirok,6/22/2022,18,36624,Savings
656,Saw,Bisgrove,sbisgrovei7@t-online.de,Male,Debeljača,3/2/2015,23,94919,Checking
657,Lynnett,Kulis,lkulisi8@twitpic.com,Female,Kadugede,3/7/2021,58,92770,Savings
658,Urban,Krollmann,ukrollmanni9@bigcartel.com,Male,Firminópolis,6/1/2022,52,114256,Savings
659,Clarke,Kornas,ckornasia@hp.com,Male,Huaqiao,7/26/2018,51,131500,Savings
660,Bessy,Catt,bcattib@chicagotribune.com,Female,Petrovo-Dal’neye,11/15/2019,49,82850,Savings
661,Itch,Kohn,ikohnic@statcounter.com,Male,Jiukou,8/9/2023,72,42854,Savings
662,Christiano,Longea,clongeaid@utexas.edu,Male,Rurrenabaque,4/3/2017,69,103081,Both
663,Lowell,Zoephel,lzoephelie@histats.com,Male,Churovichi,10/28/2020,34,103773,Checking
664,Fancy,Higgen,fhiggenif@hhs.gov,Female,Zyryanovsk,5/4/2023,67,148493,Savings
665,Kean,Tommei,ktommeiig@tinyurl.com,Male,Santa Gertrudes,3/14/2018,65,62178,Both
666,Deeanne,Bryns,dbrynsih@theatlantic.com,Female,Mbala,4/14/2018,63,53783,Savings
667,Chancey,Fawdry,cfawdryii@census.gov,Non-binary,Xiahan,5/9/2017,24,139406,Savings
668,Clem,Croysdale,ccroysdaleij@hc360.com,Female,Łobodno,3/22/2017,71,60591,Savings
669,Quintilla,Wegman,qwegmanik@hexun.com,Female,Ráquira,4/23/2024,18,34402,Savings
670,Eugenie,Bamsey,ebamseyil@loc.gov,Female,Tula,7/3/2024,37,133447,Both
671,Benedicto,Taffurelli,btaffurelliim@weebly.com,Male,Cheqiao,10/4/2021,63,35424,Both
672,Dame,Vobes,dvobesin@livejournal.com,Polygender,Mulyo,8/24/2020,54,108299,Savings
673,Giusto,Perschke,gperschkeio@wired.com,Male,Atsugi,2/19/2020,59,128785,Savings
674,Tiffi,Grummitt,tgrummittip@slate.com,Female,Vacov,1/13/2021,48,83370,Savings
675,Evangeline,Raiston,eraistoniq@tamu.edu,Female,Malko Tŭrnovo,1/21/2024,18,112418,Savings
676,Sophia,Augur,saugurir@weibo.com,Female,Jiuzhai,8/11/2016,58,145009,Checking
677,Hillard,Nunnerley,hnunnerleyis@mit.edu,Male,Grand Sable,10/31/2020,29,70065,Checking
678,Deena,Baudassi,dbaudassiit@shareasale.com,Female,Huddinge,11/27/2015,43,122333,Checking
679,Dud,Weetch,dweetchiu@springer.com,Male,Sindangkopo,6/9/2017,27,57652,Checking
680,Candra,Trunchion,ctrunchioniv@a8.net,Female,Batubantar,7/8/2024,73,142696,Savings
681,Fred,Mortlock,fmortlockiw@pen.io,Female,Veselí nad Moravou,4/4/2017,40,127942,Both
682,Zorana,Bussons,zbussonsix@fotki.com,Female,Poshekhon’ye,8/3/2024,52,61456,Savings
683,Osmond,Ruffles,orufflesiy@behance.net,Male,Sauri,3/14/2016,47,90068,Checking
684,Hussein,Le Provost,hleprovostiz@storify.com,Male,Zhiqu,5/10/2017,23,101678,Savings
685,Ingeberg,Albin,ialbinj0@hexun.com,Female,Belawang,4/18/2016,37,147619,Savings
686,Simone,Bagenal,sbagenalj1@example.com,Female,Conduaga,3/11/2021,43,86690,Savings
687,Jeromy,Inkin,jinkinj2@list-manage.com,Male,Umuarama,4/9/2022,62,88855,Checking
688,Laurie,Mollen,lmollenj3@skype.com,Female,San Jose,8/14/2017,61,40299,Savings
689,Melvin,Dymidowski,mdymidowskij4@forbes.com,Male,Manikchari,4/16/2022,43,107247,Savings
690,Lowell,Gianilli,lgianillij5@cbsnews.com,Male,Sukamaju,5/18/2023,47,30353,Savings
691,Frasco,Stoller,fstollerj6@blogger.com,Male,Avon,10/13/2023,32,142187,Checking
692,Dell,Piotrowski,dpiotrowskij7@va.gov,Female,Bojongaren,5/24/2015,40,134546,Both
693,Chrissy,Burnham,cburnhamj8@google.pl,Male,Buritizeiro,10/28/2019,22,129076,Savings
694,Michale,Divina,mdivinaj9@techcrunch.com,Male,Hanyuan,3/13/2024,33,84645,Both
695,Broderick,Maytum,bmaytumja@senate.gov,Male,Nyangao,5/24/2020,35,40262,Checking
696,Alanson,Ubee,aubeejb@cornell.edu,Male,Monaragala,6/3/2016,63,49131,Savings
697,Oliy,Braithwait,obraithwaitjc@mozilla.org,Polygender,Huangfang,12/18/2018,59,111853,Savings
698,Vale,Arnoult,varnoultjd@seesaa.net,Female,Xiayang,7/19/2020,69,74567,Both
699,Birk,Nayer,bnayerje@cam.ac.uk,Male,Kediren,5/18/2023,23,70617,Savings
700,Virginia,Broe,vbroejf@1und1.de,Female,Monte Francisco,10/9/2018,31,31580,Both
701,Brooke,Janoch,bjanochjg@yale.edu,Female,Baracoa,9/25/2024,36,107699,Checking
702,Powell,Biever,pbieverjh@noaa.gov,Male,Zhuge,2/25/2021,49,143210,Checking
703,Denni,Totman,dtotmanji@boston.com,Female,Settat,4/24/2022,38,39224,Both
704,Jeannette,Joontjes,jjoontjesjj@uiuc.edu,Female,La Unión,4/22/2016,25,39023,Checking
705,Teresita,Tellenbach,ttellenbachjk@privacy.gov.au,Female,Mancha Khiri,11/11/2018,27,117480,Checking
706,Concettina,Larcher,clarcherjl@yelp.com,Female,Derbent,7/17/2018,67,65302,Savings
707,Courtney,Skerme,cskermejm@nba.com,Female,Aco,2/10/2018,24,101224,Savings
708,North,Mitroshinov,nmitroshinovjn@vistaprint.com,Male,Saint-Raymond,3/7/2019,70,119129,Savings
709,Guenevere,Badam,gbadamjo@engadget.com,Female,Luodian,3/15/2019,26,127729,Checking
710,Erik,Jacomb,ejacombjp@usgs.gov,Male,Yantang,9/28/2015,56,88781,Both
711,Corrine,Crudginton,ccrudgintonjq@macromedia.com,Female,Banjar Sengguan,2/18/2024,49,134299,Both
712,Reg,Hullyer,rhullyerjr@twitter.com,Male,Seattle,2/9/2021,45,54587,Checking
713,Charles,Mableson,cmablesonjs@flavors.me,Polygender,Yerazgavors,6/9/2020,57,89648,Checking
714,Winny,Selwyn,wselwynjt@macromedia.com,Female,Dębno,5/8/2019,59,137996,Checking
715,Henrieta,Golledge,hgolledgeju@myspace.com,Female,Talitsy,3/3/2020,21,101994,Both
716,Brendon,Harrald,bharraldjv@army.mil,Polygender,Colomiers,3/15/2022,40,134735,Checking
717,Deloris,Peachment,dpeachmentjw@nymag.com,Female,Jintian,7/16/2022,21,124460,Checking
718,Christoper,Windrum,cwindrumjx@economist.com,Male,Kirovohrad,11/20/2018,75,47078,Checking
719,Calvin,Rowsel,crowseljy@qq.com,Male,Palos,2/4/2022,30,52151,Savings
720,Niles,McLagain,nmclagainjz@hugedomains.com,Male,Benešov,11/6/2020,30,143114,Checking
721,Alva,Scamwell,ascamwellk0@narod.ru,Male,Milán,4/24/2022,37,43702,Savings
722,Tonia,Clewett,tclewettk1@opera.com,Female,Whistler,2/21/2021,21,37148,Savings
723,Penny,Tissington,ptissingtonk2@paginegialle.it,Female,Banikoara,9/5/2020,61,32595,Checking
724,Maris,Dana,mdanak3@cnbc.com,Female,Cajicá,12/24/2022,59,89541,Checking
725,Gus,Parres,gparresk4@blogs.com,Male,Nong Chik,5/10/2016,57,67457,Checking
726,Godfrey,Trundell,gtrundellk5@amazon.co.jp,Male,Baoyang,4/9/2017,23,143928,Checking
727,Hercule,Normavill,hnormavillk6@twitpic.com,Male,Labney,11/21/2024,35,48393,Savings
728,Kori,Lanyon,klanyonk7@ca.gov,Female,Hlybokaye,8/12/2016,39,144150,Savings
729,Emeline,Lawlee,elawleek8@dagondesign.com,Female,Emiliano Zapata,5/12/2017,56,88522,Checking
730,Baxter,Chedzoy,bchedzoyk9@opera.com,Male,Starominskaya,10/25/2017,75,58792,Checking
731,Britteny,Crayker,bcraykerka@umn.edu,Female,Rassvet,9/8/2022,60,100628,Checking
732,Issie,Cline,iclinekb@icio.us,Female,Sayang Lauq,11/22/2015,59,60051,Both
733,Rowan,Gotcliff,rgotcliffkc@illinois.edu,Male,Shiqiao,6/9/2020,74,147240,Both
734,Herb,Wicken,hwickenkd@creativecommons.org,Male,Kharlu,2/24/2023,73,87365,Savings
735,Gretna,Genthner,ggenthnerke@sbwire.com,Female,Montreuil,10/7/2016,57,129711,Savings
736,Anitra,Profit,aprofitkf@drupal.org,Polygender,Desovo,6/15/2023,30,59371,Checking
737,Ann-marie,McKellar,amckellarkg@ox.ac.uk,Female,Trondheim,11/27/2021,50,108657,Checking
738,Annora,O'Fogarty,aofogartykh@comcast.net,Female,Boguchar,7/31/2017,64,107802,Savings
739,Barris,Versey,bverseyki@sphinn.com,Male,Mathba,2/3/2022,45,129478,Both
740,Kerrill,Lowes,kloweskj@themeforest.net,Female,Pombal,1/21/2019,59,62845,Savings
741,Deerdre,Durno,ddurnokk@stumbleupon.com,Female,Ha,3/20/2017,25,140967,Both
742,Jacquie,Stowell,jstowellkl@addthis.com,Female,Hodkovičky,8/24/2022,59,82998,Both
743,Erroll,Eichmann,eeichmannkm@freewebs.com,Male,Polowat,2/28/2019,68,143294,Both
744,Vernon,Nourse,vnoursekn@merriam-webster.com,Male,Zaranj,9/2/2020,24,125485,Savings
745,Moyna,Conniam,mconniamko@exblog.jp,Female,Taurija,2/11/2016,28,63848,Both
746,Kristin,Netti,knettikp@technorati.com,Female,Dzvinogrud,7/3/2016,33,111216,Both
747,Tamas,Goldie,tgoldiekq@fastcompany.com,Male,Saint-Lô,4/12/2015,44,92160,Both
748,Redd,Mattheis,rmattheiskr@biblegateway.com,Male,Beolgyo,2/9/2024,21,60400,Savings
749,Sula,Reynalds,sreynaldsks@php.net,Female,Cantagallo,4/19/2020,62,111600,Savings
750,Freddie,Scatchard,fscatchardkt@homestead.com,Female,Kamifukuoka,10/28/2024,69,32850,Checking
751,Chelsey,Weadick,cweadickku@reuters.com,Female,Timbaúba,10/23/2018,50,131741,Checking
752,Regen,Butte,rbuttekv@geocities.com,Male,Tubli,12/4/2015,72,144572,Savings
753,Wolfy,Kroll,wkrollkw@opera.com,Male,Independencia,10/7/2023,35,73671,Savings
754,Damon,Bruntjen,dbruntjenkx@guardian.co.uk,Polygender,Naranjal,6/9/2015,21,123913,Savings
755,Patton,Kingswood,pkingswoodky@gmpg.org,Male,Bulacnin,12/17/2019,33,103756,Both
756,Tally,Tarbard,ttarbardkz@google.com,Male,Sacramento,11/25/2019,45,119102,Both
757,Normie,Kingsworth,nkingsworthl0@amazon.co.uk,Male,Mesker-Yurt,12/18/2016,22,69112,Savings
758,Cleve,Ashton,cashtonl1@about.me,Male,Bantardawa,10/11/2023,62,111548,Both
759,Dehlia,Seefeldt,dseefeldtl2@wisc.edu,Female,Catamayo,12/22/2018,24,72471,Savings
760,Maryanna,Busst,mbusstl3@webs.com,Female,Sanhe,8/11/2022,66,40883,Both
761,Gabie,Allsep,gallsepl4@washington.edu,Male,Wete,4/2/2022,37,114279,Savings
762,Dennie,Barosch,dbaroschl5@myspace.com,Polygender,Lubenec,3/8/2016,66,146145,Both
763,Farr,Yaknov,fyaknovl6@wisc.edu,Male,Abuja,8/8/2015,27,135278,Both
764,Anna-diane,Rishman,arishmanl7@vimeo.com,Female,Muramatsu,3/20/2019,18,111280,Checking
765,Caddric,Yegoshin,cyegoshinl8@phpbb.com,Male,Yukou,11/19/2023,37,107151,Checking
766,Wendy,Zaniolini,wzaniolinil9@webeden.co.uk,Female,Tambaksari,7/11/2017,63,108460,Savings
767,Marshal,Colin,mcolinla@japanpost.jp,Male,Pršovce,3/5/2018,55,65695,Both
768,Claudell,Breadmore,cbreadmorelb@unblog.fr,Male,McKinley,9/22/2019,55,107777,Savings
769,Theresina,Saby,tsabylc@bloglovin.com,Female,Bumba,8/29/2023,26,82590,Savings
770,Hi,Muress,hmuressld@freewebs.com,Male,Gąbin,10/6/2016,31,88218,Both
771,Ardella,Somerbell,asomerbellle@booking.com,Genderqueer,Wonokromo,3/15/2021,56,88821,Checking
772,Kurt,Pipet,kpipetlf@utexas.edu,Male,Liverpool,6/21/2020,75,136923,Both
773,Bruno,Polo,bpololg@google.com.hk,Male,Minneapolis,8/5/2021,52,149782,Savings
774,Doretta,Jindacek,djindaceklh@go.com,Female,Mikhaylovskoye,10/14/2022,68,44069,Savings
775,Nye,Prentice,nprenticeli@imgur.com,Male,Maguling,3/13/2024,26,142152,Savings
776,Maje,Pearch,mpearchlj@goo.ne.jp,Male,Guyi,4/2/2015,54,66995,Checking
777,Tab,Dutteridge,tdutteridgelk@pinterest.com,Male,Khrenovoye,1/12/2024,72,92628,Savings
778,Enriqueta,MacArd,emacardll@redcross.org,Female,Gostilitsy,1/11/2023,47,88395,Both
779,Johnnie,Grivori,jgrivorilm@addtoany.com,Male,Pengxing,3/11/2023,67,51663,Both
780,Bartholomeus,Hennemann,bhennemannln@scientificamerican.com,Male,Jorok Dalam,12/28/2021,62,39053,Savings
781,Philip,Nezey,pnezeylo@java.com,Male,General Conesa,6/15/2016,28,99340,Savings
782,Ursulina,Trask,utrasklp@sphinn.com,Female,Guantouzui,9/20/2016,24,51287,Both
783,Kit,Cheese,kcheeselq@infoseek.co.jp,Male,Klukeng,6/23/2017,69,140993,Checking
784,Shelby,Krolak,skrolaklr@drupal.org,Male,Sarata,4/3/2022,75,119320,Both
785,Kariotta,Odlin,kodlinls@mtv.com,Female,Quinuabamba,9/21/2015,74,63358,Checking
786,Tobye,Humpage,thumpagelt@nature.com,Genderfluid,Itu,3/24/2020,39,141969,Both
787,Patricio,Thornton-Dewhirst,pthorntondewhirstlu@de.vu,Polygender,Kinnula,12/5/2021,66,149594,Both
788,Gillian,Bowley,gbowleylv@storify.com,Female,Butubut Norte,1/24/2018,71,107881,Checking
789,Hakeem,Osanne,hosannelw@dagondesign.com,Male,Asyūţ,2/5/2023,31,144383,Savings
790,Care,Fogt,cfogtlx@hatena.ne.jp,Male,Huangni,12/25/2021,21,109522,Savings
791,Arleta,Upstone,aupstonely@mayoclinic.com,Female,Dobropillya,4/27/2023,57,42825,Savings
792,Gussi,Hariot,ghariotlz@deliciousdays.com,Female,Tafí Viejo,11/17/2018,20,143455,Both
793,Aharon,Shall,ashallm0@bigcartel.com,Male,Baisha,5/16/2018,29,118141,Savings
794,Rosanne,Leyrroyd,rleyrroydm1@chicagotribune.com,Female,Kibingo,9/10/2018,57,100365,Both
795,Alix,Jendrassik,ajendrassikm2@flavors.me,Male,Lyntupy,1/18/2015,33,128455,Both
796,Moshe,Lowdiane,mlowdianem3@wikispaces.com,Male,Magoúla,7/1/2024,74,64960,Checking
797,Pietrek,Tambling,ptamblingm4@fda.gov,Male,Mavingouni,10/20/2018,47,83052,Checking
798,Shela,Torrance,storrancem5@state.gov,Female,Tolitoli,8/26/2022,58,66587,Checking
799,Jerrome,Baugham,jbaughamm6@123-reg.co.uk,Male,Tarbes,8/29/2021,57,146623,Checking
800,Reinald,Grieswood,rgrieswoodm7@intel.com,Male,Sembakung,10/29/2023,26,85505,Both
801,Melissa,Stoile,mstoilem8@wordpress.org,Female,Lubei,9/13/2015,18,137521,Both
802,Price,Soden,psodenm9@ox.ac.uk,Male,Nueva Requena,4/27/2022,25,134521,Savings
803,Dorothy,Gusney,dgusneyma@com.com,Polygender,Melaka,12/28/2015,31,37532,Both
804,Archaimbaud,De Lasci,adelascimb@51.la,Male,Maasin,4/8/2020,39,126341,Both
805,Stoddard,Learmond,slearmondmc@utexas.edu,Bigender,Bilyayivka,9/17/2016,31,146862,Savings
806,Rutter,Gilardoni,rgilardonimd@gravatar.com,Non-binary,Hudiksvall,7/21/2019,65,75051,Checking
807,Ronda,Rymour,rrymourme@wufoo.com,Female,Virolahti,1/24/2021,26,122830,Savings
808,James,Niece,jniecemf@wired.com,Genderfluid,Mahébourg,5/31/2022,62,31008,Savings
809,Isacco,Saddler,isaddlermg@go.com,Male,Xinhui,12/1/2018,45,43309,Both
810,Emmet,Clack,eclackmh@g.co,Male,Las Palmas,6/25/2024,75,64677,Checking
811,Jerrie,Monte,jmontemi@dailymotion.com,Female,Basail,6/6/2018,24,47484,Both
812,Kelly,Jeaffreson,kjeaffresonmj@epa.gov,Male,Tuojiang,6/5/2024,20,128856,Checking
813,Jere,Ghelardi,jghelardimk@1688.com,Female,Vetluga,8/31/2021,45,89109,Checking
814,Sheridan,Aphale,saphaleml@fotki.com,Male,Shuanghekou,5/10/2015,70,118233,Savings
815,Humphrey,Muncie,hmunciemm@oakley.com,Male,Springfield,5/27/2018,35,142951,Checking
816,Fabiano,O'Lagene,folagenemn@eventbrite.com,Male,Tarqūmyā,9/7/2022,23,104618,Checking
817,Pascal,Jozefczak,pjozefczakmo@cnet.com,Male,Tariji,7/29/2024,25,123665,Both
818,Xena,Djekovic,xdjekovicmp@cbslocal.com,Female,Skinnskatteberg,7/4/2015,60,113752,Savings
819,Betty,Westraw,bwestrawmq@ed.gov,Female,Järvakandi,2/17/2015,18,91350,Savings
820,Sauncho,Andrus,sandrusmr@thetimes.co.uk,Male,George Town,8/12/2017,64,99501,Checking
821,Fulton,Roderick,froderickms@home.pl,Male,An Lão,10/22/2017,21,70630,Savings
822,Herman,Chominski,hchominskimt@princeton.edu,Male,Bārkhān,5/30/2016,37,67827,Both
823,Starr,Eynon,seynonmu@squidoo.com,Female,Katrineholm,8/22/2017,70,34395,Savings
824,Marleen,Dafydd,mdafyddmv@ebay.com,Female,Dahay,9/25/2019,67,149529,Both
825,Ollie,Measor,omeasormw@umn.edu,Female,Ādaži,12/1/2020,42,51327,Both
826,Linnie,Cota,lcotamx@go.com,Non-binary,El Chol,2/26/2021,30,66910,Checking
827,Leonid,Smallshaw,lsmallshawmy@hatena.ne.jp,Male,North Shore,4/20/2021,43,145144,Checking
828,Corrina,Grafham,cgrafhammz@wunderground.com,Female,Káto Miliá,9/14/2021,32,103673,Savings
829,Noak,Le Merchant,nlemerchantn0@printfriendly.com,Male,Bojonglarang,7/6/2022,31,131330,Savings
830,Benn,Drinkwater,bdrinkwatern1@spotify.com,Male,Benito Juarez,4/23/2016,21,119976,Checking
831,Kendal,Lobley,klobleyn2@reuters.com,Male,Sumaré,9/26/2023,71,95974,Savings
832,Debi,Foston,dfostonn3@163.com,Genderqueer,Vokhaïkó,3/14/2015,39,32405,Savings
833,Sibella,Priestland,spriestlandn4@rakuten.co.jp,Female,Şirrīn ash Shamālīyah,2/12/2018,67,121813,Savings
834,Lanni,Wipfler,lwipflern5@yelp.com,Female,Vyshneve,11/2/2022,36,43067,Savings
835,Zitella,Darcey,zdarceyn6@cocolog-nifty.com,Female,Kvasiny,2/1/2015,71,133093,Savings
836,Irvine,Shaughnessy,ishaughnessyn7@mail.ru,Male,Majan,9/14/2020,39,54497,Both
837,Norean,Renahan,nrenahann8@arizona.edu,Female,Pardubice,7/14/2020,70,109625,Both
838,Elset,McLarty,emclartyn9@rediff.com,Female,Abéché,1/27/2021,63,96424,Both
839,Maxy,Bridgwood,mbridgwoodna@mozilla.com,Male,Villa del Rosario,7/17/2023,46,90734,Checking
840,Cosme,Hugues,chuguesnb@illinois.edu,Male,Qiaole,5/9/2020,28,141558,Both
841,Gualterio,Ronaghan,gronaghannc@ezinearticles.com,Male,Zavidovo,8/13/2016,51,135215,Savings
842,Ema,Trimming,etrimmingnd@moonfruit.com,Genderqueer,San Jacinto,3/20/2016,73,37643,Savings
843,Fax,Feldmann,ffeldmannne@chicagotribune.com,Male,Shicheng,12/30/2024,63,113450,Both
844,Delora,Urrey,durreynf@ebay.co.uk,Female,Sampit,10/9/2020,34,47697,Both
845,Darnall,Fawlo,dfawlong@mail.ru,Male,Hetang,8/8/2020,62,98119,Checking
846,Mufi,Boules,mboulesnh@g.co,Female,Qal‘ah-ye Shahr,3/22/2022,75,129533,Both
847,Ardisj,Lawlings,alawlingsni@loc.gov,Female,Pepe,12/8/2023,47,85409,Both
848,Laurena,Garnall,lgarnallnj@behance.net,Female,Guancangping,10/20/2018,35,130696,Checking
849,Feliks,Malyj,fmalyjnk@hugedomains.com,Male,Mikhaylovsk,4/1/2022,41,94597,Both
850,Luther,Rosenqvist,lrosenqvistnl@joomla.org,Male,Jinping,2/15/2021,49,69831,Both
851,Brooke,Breddy,bbreddynm@edublogs.org,Male,Villa Santa Rita,7/1/2024,35,69848,Savings
852,Ellene,Bembrigg,ebembriggnn@businessweek.com,Female,Bunog,3/18/2022,62,69605,Both
853,Valenka,Philippou,vphilippouno@example.com,Agender,Annaka,5/3/2020,55,72244,Checking
854,Jeth,Hayer,jhayernp@loc.gov,Male,Fenglin,7/6/2016,33,97243,Both
855,Neils,Hurch,nhurchnq@oaic.gov.au,Male,Göteborg,1/16/2021,51,144861,Checking
856,Gnni,Beakes,gbeakesnr@unesco.org,Female,Polyarnyye Zori,3/25/2017,21,117859,Savings
857,Chalmers,Klainer,cklainerns@people.com.cn,Male,Paris 13,3/27/2022,49,83985,Savings
858,Kennett,Jermy,kjermynt@uol.com.br,Male,Suru,3/1/2023,48,145493,Savings
859,Artie,Paulus,apaulusnu@parallels.com,Male,Nueva Vida Sur,7/29/2018,43,146482,Both
860,Rutherford,Bridgeland,rbridgelandnv@dailymail.co.uk,Male,Beberibe,11/12/2019,37,81707,Both
861,Bronny,Mazzei,bmazzeinw@webnode.com,Male,Cisiec,9/19/2022,34,119037,Savings
862,Britni,Ellsworthe,bellsworthenx@apache.org,Female,Shangjie,9/4/2018,56,32565,Both
863,Ring,Piola,rpiolany@whitehouse.gov,Male,Qasr Abu Hadi,3/19/2021,44,102354,Checking
864,Cris,Evreux,cevreuxnz@ft.com,Female,Greenville,1/9/2020,30,137393,Savings
865,Nari,Vautrey,nvautreyo0@joomla.org,Female,Hujra,9/18/2020,53,124856,Both
866,Consuela,Jallin,cjallino1@gnu.org,Female,Jinhaihu,1/25/2018,39,124851,Savings
867,Sauncho,Roft,srofto2@noaa.gov,Male,Yanagawa,11/29/2020,37,52064,Checking
868,Kalindi,Dunne,kdunneo3@shinystat.com,Genderfluid,Mengxi,8/31/2023,49,50820,Checking
869,Maxy,Breckenridge,mbreckenridgeo4@joomla.org,Female,Emiliano Zapata,5/20/2024,37,132268,Checking
870,Celestyna,Ollenbuttel,collenbuttelo5@seesaa.net,Female,Āsmār,5/22/2015,32,88432,Checking
871,Edeline,Ayliff,eayliffo6@bbb.org,Female,Popayán,4/28/2018,21,129237,Checking
872,Winonah,Berney,wberneyo7@alexa.com,Non-binary,Krzeszów,11/27/2023,51,116747,Savings
873,Scottie,Brudenell,sbrudenello8@forbes.com,Male,Guanmian,1/23/2021,28,34566,Both
874,Trudy,Duligall,tduligallo9@wunderground.com,Female,Oslo,1/12/2016,66,69021,Checking
875,Andreana,Adanez,aadanezoa@umich.edu,Female,Phoenix,12/31/2019,58,47595,Savings
876,Julio,Kyne,jkyneob@spotify.com,Male,Qijing,7/20/2024,56,75125,Savings
877,Morganne,Steffens,msteffensoc@techcrunch.com,Female,Nizhniy Dzhengutay,9/18/2024,39,102282,Checking
878,Slade,Beddie,sbeddieod@skyrock.com,Male,San Miguel,2/19/2023,50,56773,Checking
879,Dix,Feld,dfeldoe@bbb.org,Genderqueer,Cannes,2/23/2023,47,142800,Checking
880,Stephi,Kidwell,skidwellof@senate.gov,Non-binary,Manticao,6/19/2024,71,64467,Both
881,Clerc,Botwright,cbotwrightog@pinterest.com,Male,Shaguotun,8/7/2021,25,98913,Checking
882,Ivette,Fontes,ifontesoh@nifty.com,Female,Santiago do Cacém,2/16/2022,31,77297,Checking
883,Shel,de Clerc,sdeclercoi@oracle.com,Female,Gelgaudiškis,1/25/2019,46,105211,Savings
884,Daven,Woolliams,dwoolliamsoj@sphinn.com,Male,Sallins,9/5/2016,65,123480,Savings
885,Giulio,Loughren,gloughrenok@furl.net,Male,Kura,7/11/2024,63,85314,Savings
886,Anissa,Proffitt,aproffittol@gmpg.org,Female,Al Ḩaffah,11/21/2024,65,83107,Savings
887,Britney,Bocke,bbockeom@illinois.edu,Female,Qixingtai,11/21/2020,32,99511,Both
888,Sal,Eastridge,seastridgeon@plala.or.jp,Male,Alabat,10/14/2018,53,93911,Savings
889,Cordy,Storey,cstoreyoo@jugem.jp,Male,Vitrolles,6/15/2018,52,31369,Both
890,Harris,Thatcher,hthatcherop@blog.com,Male,Chuanbu,6/20/2016,71,45840,Savings
891,Benedetta,Wadham,bwadhamoq@redcross.org,Non-binary,Mataquescuintla,10/31/2017,37,57188,Both
892,Janos,Bunny,jbunnyor@jugem.jp,Male,Rawasan,7/14/2017,18,68526,Both
893,Eryn,Quinet,equinetos@sfgate.com,Female,Carcassonne,12/21/2017,70,141881,Savings
894,Laure,Blount,lblountot@naver.com,Female,Topol’noye,9/16/2020,58,144671,Checking
895,Marv,Franckton,mfrancktonou@taobao.com,Male,Talawi,1/31/2019,31,43465,Checking
896,Willie,Tolland,wtollandov@netlog.com,Female,Tupanciretã,8/27/2015,55,62406,Both
897,Berke,Piddick,bpiddickow@linkedin.com,Male,Carman,11/30/2018,32,40373,Savings
898,Vance,Hargate,vhargateox@cpanel.net,Male,Zabukovica,8/18/2015,48,50761,Savings
899,Catlaina,Prott,cprottoy@un.org,Female,Guangshun,12/3/2023,26,109556,Savings
900,Parke,L'Hommee,plhommeeoz@eventbrite.com,Male,Sonorejo,1/24/2024,49,123176,Savings
901,Nevins,Agates,nagatesp0@dedecms.com,Male,Balzan,10/8/2023,22,104890,Savings
902,Dasya,Laydon,dlaydonp1@dropbox.com,Female,Guamal,11/30/2016,68,128986,Checking
903,Findlay,Haburne,fhaburnep2@pen.io,Non-binary,Lowayu,3/14/2020,32,58867,Checking
904,Lani,Craine,lcrainep3@dion.ne.jp,Female,Pregonero,9/19/2020,68,113977,Savings
905,Stanleigh,Spadari,sspadarip4@china.com.cn,Male,Swindon,10/9/2020,64,33403,Checking
906,Giustina,McKerlie,gmckerliep5@booking.com,Female,Gongchenqiao,6/6/2023,19,95256,Checking
907,Desmond,Reinisch,dreinischp6@tripod.com,Male,Novopodrezkovo,9/8/2019,59,149034,Savings
908,Gideon,Springtorp,gspringtorpp7@blogspot.com,Male,Greda,8/22/2018,47,125185,Both
909,Ella,Pidwell,epidwellp8@google.com.hk,Female,Masachapa,3/29/2021,50,144575,Both
910,Amy,Taillant,ataillantp9@istockphoto.com,Female,Beitan,5/20/2016,58,44102,Checking
911,Felic,Paolinelli,fpaolinellipa@quantcast.com,Male,Nuuk,9/3/2021,44,113443,Savings
912,Zebadiah,Spavon,zspavonpb@cocolog-nifty.com,Male,Rzgów,12/6/2019,37,139917,Checking
913,Wandie,Silvers,wsilverspc@altervista.org,Female,Zolotyy Potik,2/24/2016,43,98901,Both
914,Hedwig,Armitage,harmitagepd@dedecms.com,Female,Curitibanos,12/30/2018,61,145849,Both
915,Darlene,Prando,dprandope@craigslist.org,Female,Kalá Déndra,7/29/2022,51,128114,Savings
916,Cristobal,Moncarr,cmoncarrpf@mtv.com,Male,Nagqu,2/3/2017,36,97597,Savings
917,Viviyan,Shirland,vshirlandpg@theglobeandmail.com,Female,Wangzuizi,3/12/2015,20,123452,Both
918,Cary,Morhall,cmorhallph@ovh.net,Female,Chenārān,5/10/2021,20,41001,Savings
919,Joshia,Heald,jhealdpi@taobao.com,Male,Remedios,7/12/2024,62,42826,Both
920,Hobard,Pharo,hpharopj@whitehouse.gov,Male,Fatualam,12/8/2024,19,129168,Savings
921,Aime,Collyer,acollyerpk@senate.gov,Female,Baş Göynük,4/1/2016,42,64424,Both
922,Debora,Corbitt,dcorbittpl@bandcamp.com,Female,Knin,5/20/2016,35,93256,Checking
923,Yasmin,Cristofanini,ycristofaninipm@senate.gov,Female,Araraquara,1/7/2020,27,31663,Both
924,Marco,Lauridsen,mlauridsenpn@mtv.com,Male,Cempaka,9/3/2023,33,65053,Checking
925,Caterina,Dittson,cdittsonpo@goo.gl,Female,Shangma,1/27/2016,50,41224,Checking
926,Meir,Dabels,mdabelspp@fema.gov,Male,Söderköping,8/30/2020,47,60982,Both
927,Kiley,Izod,kizodpq@clickbank.net,Male,Nova Olímpia,4/21/2023,49,132852,Checking
928,Bertram,Pelzer,bpelzerpr@icq.com,Male,Tamansari,1/18/2019,58,38341,Both
929,Imogene,Labroue,ilabroueps@shinystat.com,Female,Ancol,10/16/2023,57,127710,Savings
930,Ingeborg,Oleszcuk,ioleszcukpt@is.gd,Female,Ningzhong,4/12/2021,67,96748,Checking
931,Symon,Glaze,sglazepu@imdb.com,Male,Antony,11/27/2022,66,115116,Both
932,Avrom,Maroney,amaroneypv@meetup.com,Male,Paprotnia,10/26/2018,59,72835,Both
933,Lin,Bembrigg,lbembriggpw@guardian.co.uk,Bigender,Gorzkowice,5/7/2023,26,143457,Checking
934,Terrell,Bernardoux,tbernardouxpx@yandex.ru,Male,Lugo,4/25/2018,25,140031,Checking
935,Barnard,Frankiewicz,bfrankiewiczpy@ftc.gov,Male,Zhukeng,12/18/2017,24,89695,Both
936,Trenna,Tapper,ttapperpz@cam.ac.uk,Female,Karlstad,12/8/2022,42,49493,Both
937,Violante,McKeveney,vmckeveneyq0@europa.eu,Female,Huagu,10/2/2024,71,42299,Savings
938,Dyanna,Epgrave,depgraveq1@flickr.com,Female,São Gabriel,3/4/2015,19,141148,Checking
939,Nelson,Menaul,nmenaulq2@walmart.com,Male,Gharyan,12/2/2020,28,49227,Checking
940,Jaime,Whimpenny,jwhimpennyq3@blogger.com,Male,Warin Chamrap,10/19/2021,75,143597,Savings
941,Remington,Rustan,rrustanq4@ocn.ne.jp,Genderfluid,Bairro dos Marinheiros,7/23/2022,48,129416,Checking
942,Garey,Haggas,ghaggasq5@npr.org,Male,Medang,1/28/2021,33,69131,Checking
943,Bernarr,Rishman,brishmanq6@zimbio.com,Male,Parumasan,9/19/2020,44,84429,Savings
944,Bianka,Jindrich,bjindrichq7@cdbaby.com,Female,Bessonovka,7/23/2016,50,32779,Checking
945,Bianka,Alu,baluq8@cbsnews.com,Female,Longqiao,6/23/2016,60,89204,Savings
946,Dexter,Heindrick,dheindrickq9@nydailynews.com,Male,Al Jarādīyah,12/25/2023,59,115954,Savings
947,Ignaz,Moth,imothqa@smh.com.au,Male,Vaulx-en-Velin,5/27/2019,23,91790,Savings
948,Joe,Davydzenko,jdavydzenkoqb@xing.com,Male,Kuanfeu,4/1/2019,22,122914,Both
949,Alvin,Kohlerman,akohlermanqc@guardian.co.uk,Male,Tonshayevo,10/8/2023,33,147117,Savings
950,Abbey,Atcheson,aatchesonqd@acquirethisname.com,Female,Lianshan,1/3/2016,38,90897,Savings
951,Shanta,Bunten,sbuntenqe@netscape.com,Female,Cuauhtemoc,6/16/2018,29,82453,Checking
952,Morganne,Andrejs,mandrejsqf@wikimedia.org,Female,Zhongmen,4/14/2023,56,77130,Savings
953,Berkie,Moxom,bmoxomqg@bizjournals.com,Male,Rybache,12/4/2023,36,133830,Both
954,Thornie,Savege,tsavegeqh@businesswire.com,Male,Cuispes,6/14/2021,53,142285,Checking
955,Kendricks,Castanho,kcastanhoqi@163.com,Male,Kandangan,1/22/2022,29,38047,Checking
956,Indira,Sommerton,isommertonqj@hatena.ne.jp,Female,Leipzig,7/8/2015,61,86606,Both
957,Ella,Durgan,edurganqk@cloudflare.com,Female,Cuiabá,9/24/2024,26,34522,Savings
958,Rozele,Osgar,rosgarql@lycos.com,Female,Sevan,3/24/2021,22,95991,Savings
959,Olga,Annable,oannableqm@artisteer.com,Female,Nishiwaki,5/25/2022,30,36978,Checking
960,Wren,Coxall,wcoxallqn@xing.com,Female,Pekalongan,4/27/2015,48,84106,Checking
961,Savina,Bagshaw,sbagshawqo@oracle.com,Female,Guayaquil,7/6/2017,20,76777,Checking
962,Trever,Falloon,tfalloonqp@bluehost.com,Male,Saint Petersburg,7/16/2021,61,74695,Both
963,Bevon,Dubose,bduboseqq@sourceforge.net,Male,Aksakovo,3/19/2022,43,109189,Checking
964,Horace,Glamart,hglamartqr@wisc.edu,Male,Jiangbei,5/6/2017,41,103362,Checking
965,Rob,Avrashin,ravrashinqs@statcounter.com,Male,Göteborg,3/13/2015,59,60960,Both
966,Vasily,Sheringham,vsheringhamqt@discovery.com,Genderqueer,Karlskoga,5/1/2023,56,64172,Checking
967,Maris,Sinton,msintonqu@ifeng.com,Female,Xianren,4/5/2017,46,107839,Savings
968,Elbert,Hacaud,ehacaudqv@twitter.com,Male,Sakaraha,8/29/2023,26,127514,Savings
969,Abdel,Jirsa,ajirsaqw@sun.com,Male,Hesi,11/17/2024,28,131749,Checking
970,Ugo,Southcomb,usouthcombqx@google.ca,Male,Dalgān,12/10/2024,47,142982,Savings
971,Killy,Eversfield,keversfieldqy@netvibes.com,Male,Emmen,10/24/2020,71,107007,Savings
972,Franklin,Alstead,falsteadqz@theglobeandmail.com,Non-binary,San Antonio,3/1/2024,71,83437,Both
973,Dudley,Corden,dcordenr0@reference.com,Male,Miyazaki-shi,2/10/2019,25,94342,Savings
974,Sibbie,Corradetti,scorradettir1@engadget.com,Female,Blatnica,11/17/2019,30,48152,Both
975,Keary,Hollingsby,khollingsbyr2@ehow.com,Male,Puyehue,3/8/2022,71,38502,Both
976,Margaux,Ponceford,mponcefordr3@google.co.uk,Female,Kuching,9/19/2017,34,35819,Savings
977,Nikolaus,Fancy,nfancyr4@issuu.com,Male,Chunyang,10/23/2015,45,52802,Checking
978,Gradey,Hall,ghallr5@storify.com,Male,Perivólia,4/30/2020,70,98258,Both
979,Sammy,Minney,sminneyr6@cnbc.com,Female,Georgiyevskaya,4/29/2022,48,126293,Both
980,Duffy,Gothrup,dgothrupr7@issuu.com,Male,Příšovice,12/9/2021,72,43115,Both
981,Kordula,Neligan,kneliganr8@multiply.com,Female,Moneghetti,1/4/2021,67,38723,Savings
982,Twila,Swan,tswanr9@hud.gov,Female,Muurla,3/6/2015,69,49914,Both
983,Loralyn,Burgon,lburgonra@redcross.org,Female,Khilok,9/18/2022,19,121004,Savings
984,Rolando,Hamly,rhamlyrb@shareasale.com,Male,Zhijin,8/18/2017,46,86201,Savings
985,Alard,Davall,adavallrc@dailymail.co.uk,Male,Ocho Rios,8/10/2015,51,64509,Savings
986,Esteban,Benzing,ebenzingrd@bravesites.com,Male,Mocun,3/9/2024,30,83375,Checking
987,Dav,Rewan,drewanre@naver.com,Male,Bāglung,5/25/2023,42,34721,Savings
988,Hinze,Connell,hconnellrf@fastcompany.com,Male,Tantamayo,8/24/2021,57,115182,Checking
989,Chaunce,Salvin,csalvinrg@moonfruit.com,Male,Gonghe,9/30/2020,54,99555,Both
990,Kelwin,Rutty,kruttyrh@fotki.com,Male,Elektrėnai,10/4/2022,60,138152,Checking
991,Rolph,Korn,rkornri@cloudflare.com,Male,Lindesberg,8/22/2021,70,137148,Checking
992,Brnaba,McGiveen,bmcgiveenrj@unicef.org,Male,Belén de Umbría,1/31/2022,72,33207,Both
993,Cathrine,Krammer,ckrammerrk@accuweather.com,Agender,Saltsjöbaden,7/11/2021,59,41446,Checking
994,Prue,Markussen,pmarkussenrl@redcross.org,Female,Coromandel,9/22/2022,44,128100,Both
995,Wood,Doxey,wdoxeyrm@cbsnews.com,Male,Long Beach,2/18/2019,19,100699,Checking
996,Delmar,Haycroft,dhaycroftrn@senate.gov,Agender,Luleå,7/8/2024,70,128578,Savings
997,Allene,Pedroli,apedroliro@php.net,Female,Palenggihan,8/14/2019,59,147276,Checking
998,Bibbye,Kilbourn,bkilbournrp@hc360.com,Female,Santaluz,12/17/2024,33,62908,Both
999,Bendick,Giacobillo,bgiacobillorq@google.com.br,Male,Itaberaí,2/22/2021,19,39553,Savings
1000,Maria,Galvan,mgalvanrr@imgur.com,Female,Sanchahe,5/16/2015,25,50960,Savings
